id,first_name,last_name,gender,email,phone,city,state,country
1,Paquito,Sheers,Male,psheers0@chicagotribune.com,5454991107,Nîmes,Languedoc-Roussillon,France
2,Roley,Mannock,Male,rmannock1@engadget.com,7825443347,Suleja,,Nigeria
3,Caterina,Whitford,Female,cwhitford2@delicious.com,8217619599,Langpas,,Philippines
4,L;urette,Enbury,Female,lenbury3@pen.io,3929819631,Uga,,Nigeria
5,Erek,Purvey,Male,epurvey4@google.com.hk,4601143114,‘Amd,,Yemen
6,Cordell,Leebetter,Male,cleebetter5@yellowbook.com,4422677383,Shisui,,Japan
7,Octavius,Burgisi,Male,oburgisi6@nba.com,1307299714,Utama Wetan,,Indonesia
8,Gonzalo,Muddiman,Male,gmuddiman7@discuz.net,7407518364,Dongwan,,China
9,Mahmoud,Frame,Male,mframe8@lulu.com,1567543796,Nghi Xuân,,Vietnam
10,Husein,Hulmes,Male,hhulmes9@vistaprint.com,1366952764,Shiqiao,,China
11,Silvain,Shanahan,Male,sshanahana@cam.ac.uk,9154134496,Sulengwaseng,,Indonesia
12,Tarrance,Malpas,Male,tmalpasb@rambler.ru,7302942226,Pangnirtung,Nunavut,Canada
13,Leonie,Trounson,Female,ltrounsonc@acquirethisname.com,8409701432,Porto Alto,Santarém,Portugal
14,Alvin,Foystone,Male,afoystoned@wired.com,7295240444,Muara Siberut,,Indonesia
15,Bail,Gronaller,Male,bgronallere@state.tx.us,6388598878,Emiliano Zapata,Tabasco,Mexico
16,Jilleen,Wildsmith,Female,jwildsmithf@webs.com,2902805948,Mingyu,,China
17,Nestor,Fidgett,Male,nfidgettg@tinyurl.com,3244546053,Patos,,Brazil
18,Patrica,Peaker,Female,ppeakerh@tuttocitta.it,4428236471,Riachão das Neves,,Brazil
19,Isaac,Mustoe,Male,imustoei@sakura.ne.jp,7369864781,Tanjungjaya,,Indonesia
20,Bo,Brownill,Male,bbrownillj@51.la,3185722385,München,Bayern,Germany
21,Erich,Ferro,Male,eferrok@cbsnews.com,8931325649,La Cruz,Guanajuato,Mexico
22,Corbie,Pendered,Male,cpenderedl@joomla.org,6478382838,Obo,,Central African Republic
23,Seka,Dioniso,Female,sdionisom@simplemachines.org,6805889873,Sundsvall,Västernorrland,Sweden
24,Monty,Sparkwell,Male,msparkwelln@xing.com,6874520130,Baoxu,,China
25,Frankie,Rao,Male,fraoo@zdnet.com,7818730047,Boston,Massachusetts,United States
26,Olivier,Pocklington,Male,opocklingtonp@nydailynews.com,9768952434,Tangxing,,China
27,Haskell,Giacobillo,Male,hgiacobilloq@nytimes.com,1446304480,Levski,,Bulgaria
28,Giselle,Leavens,Female,gleavensr@facebook.com,3794721311,Kiangan,,Philippines
29,Mirella,Morten,Female,mmortens@blogs.com,3811339251,Horgo,,Mongolia
30,Heddi,Melby,Female,hmelbyt@nasa.gov,4654119279,Diawara,,Senegal
31,Werner,O'Suaird,Male,wosuairdu@free.fr,4472268611,Thomastown,,Ireland
32,Abby,Coucher,Male,acoucherv@toplist.cz,8517829442,Castanhal,,Brazil
33,Mela,Prestland,Female,mprestlandw@t.co,2243197720,San Salvador,,El Salvador
34,Nils,Hobson,Male,nhobsonx@tumblr.com,8861541700,Huya,,China
35,Hart,Orme,Male,hormey@princeton.edu,9167786626,Caracol,,Haiti
36,Lela,O'Sheeryne,Female,losheerynez@wikimedia.org,9515400958,Zouiat ech Cheïkh,,Morocco
37,Myrtice,McCawley,Female,mmccawley10@imdb.com,3396437396,Areeiro,Portalegre,Portugal
38,Cirilo,Gulliver,Male,cgulliver11@ucsd.edu,6669659427,Emiliano Zapata,Veracruz Llave,Mexico
39,Kristoffer,Danelet,Male,kdanelet12@earthlink.net,5287866650,Shenzhengqiao,,China
40,Fitz,Ludwell,Male,fludwell13@soup.io,1799250849,Ogod,,Philippines
41,Shannan,Woolfenden,Male,swoolfenden14@census.gov,9536264596,Palhais,Porto,Portugal
42,Vassili,Lokier,Male,vlokier15@weibo.com,4739596001,Zhouling,,China
43,Lynea,Gaymar,Female,lgaymar16@harvard.edu,7904228832,San Cristobal,Guanajuato,Mexico
44,Jordanna,Fouracres,Female,jfouracres17@ibm.com,5092468435,Songon,,Ivory Coast
45,Blake,Slocom,Female,bslocom18@simplemachines.org,6326191004,Litein,,Kenya
46,Diego,Attwell,Male,dattwell19@youku.com,5105171965,Široki Brijeg,,Bosnia and Herzegovina
47,Hurley,McMurdo,Male,hmcmurdo1a@nationalgeographic.com,2429334209,Jiangtou,,China
48,Meredith,Winchcombe,Male,mwinchcombe1b@epa.gov,9386228508,Anfusi,,China
49,Krista,Boshier,Female,kboshier1c@mapquest.com,1651018883,Araripina,,Brazil
50,Charline,Antrack,Female,cantrack1d@nbcnews.com,5481189274,Dongming,,China
51,Adrian,Buchan,Male,abuchan1e@gov.uk,3142671353,Kempele,,Finland
52,Whitman,Bennoe,Male,wbennoe1f@t-online.de,4141509790,Changfu,,China
53,Craig,Jaszczak,Male,cjaszczak1g@dion.ne.jp,6915988936,Arranhó,Lisboa,Portugal
54,Justino,Beccera,Male,jbeccera1h@google.com.br,6222372251,Diavatós,,Greece
55,Raquela,Ast,Female,rast1i@last.fm,8126932531,San Martin,,Philippines
56,Bax,Woonton,Male,bwoonton1j@instagram.com,1148463270,Timbó,,Brazil
57,Brnaba,Gebuhr,Male,bgebuhr1k@noaa.gov,9157404758,El Paso,Texas,United States
58,Isador,Jindrak,Male,ijindrak1l@geocities.jp,4824548890,Novais,Braga,Portugal
59,Marco,Favela,Male,mfavela1m@rediff.com,8064104075,Heishui,,China
60,Ibby,Petrosian,Female,ipetrosian1n@g.co,2949098384,Santo Ângelo,,Brazil
61,George,Oakman,Male,goakman1o@cornell.edu,7612774859,Wilkowice,,Poland
62,Niki,Tipling,Female,ntipling1p@bluehost.com,5356940319,Atbasar,,Kazakhstan
63,Emmett,Lutwyche,Male,elutwyche1q@miibeian.gov.cn,8758618909,Lianyuan,,China
64,Ortensia,Sinney,Female,osinney1r@ezinearticles.com,6041007911,Dongcun,,China
65,Annamarie,McCloid,Female,amccloid1s@hibu.com,2562593054,Muktāgācha,,Bangladesh
66,Belvia,Try,Female,btry1t@npr.org,7251275460,Sang-e Chārak,,Afghanistan
67,Denice,Lodwig,Female,dlodwig1u@myspace.com,7398909894,Krajan,,Indonesia
68,Talbert,Pfiffer,Male,tpfiffer1v@ted.com,7048225615,Xinhe,,China
69,Pierrette,Cranney,Female,pcranney1w@dell.com,8411320900,Cauto Cristo,,Cuba
70,Del,Eagers,Male,deagers1x@artisteer.com,7587050398,Kirovs’k,,Ukraine
71,King,Saundercock,Male,ksaundercock1y@cargocollective.com,6696627476,El Jem,,Tunisia
72,Patton,Frostick,Male,pfrostick1z@ihg.com,3375214431,Bromma,Stockholm,Sweden
73,Sherwood,Ewer,Male,sewer20@mayoclinic.com,9725557695,Sipe Sipe,,Bolivia
74,Tildy,Milesop,Female,tmilesop21@berkeley.edu,6736905242,Ibarra,,Ecuador
75,Alden,Steljes,Male,asteljes22@discovery.com,8502607374,Wenlin,,China
76,Mattie,Kaminski,Male,mkaminski23@ifeng.com,1856082082,Shanlian,,China
77,Paulo,Voelker,Male,pvoelker24@surveymonkey.com,2262552187,Zbytków,,Poland
78,Katine,Lacey,Female,klacey25@imgur.com,9919831532,Bilüü,,Mongolia
79,Dorris,Buchan,Female,dbuchan26@cloudflare.com,2323854576,Mashiko,,Japan
80,Ailee,Golborn,Female,agolborn27@nymag.com,1989988576,Zhongshi,,China
81,Marie-ann,Jaqueminet,Female,mjaqueminet28@icq.com,3328392853,Hongchuan,,China
82,Kiel,Choppin,Male,kchoppin29@wordpress.org,4441553569,Bamut,,Russia
83,Kaleb,Raspison,Male,kraspison2a@zdnet.com,6743539061,Sokol,,Russia
84,Eugenio,Hearn,Male,ehearn2b@linkedin.com,8768468708,Ozorków,,Poland
85,Gilly,Ogelsby,Female,gogelsby2c@netvibes.com,9199424272,San Jose,Veracruz Llave,Mexico
86,Benedicta,Stodart,Female,bstodart2d@github.io,1123057160,Curuzú Cuatiá,,Argentina
87,Patrizius,Kemble,Male,pkemble2e@ox.ac.uk,2419142338,Şaydnāyā,,Syria
88,Stacy,Beardwood,Male,sbeardwood2f@opera.com,6617875205,Thị Trấn Cẩm Thủy,,Vietnam
89,Walden,Yanshin,Male,wyanshin2g@narod.ru,1225596114,Dayapan,,Philippines
90,Mavra,Rizon,Female,mrizon2h@friendfeed.com,1893447669,Aoqiao,,China
91,Shelden,Sarfass,Male,ssarfass2i@princeton.edu,2663416988,Dédougou,,Burkina Faso
92,Giff,Dober,Male,gdober2j@ted.com,1232681594,Uherce Mineralne,,Poland
93,Madelina,Hoble,Female,mhoble2k@marketwatch.com,7716683435,Banjar Dauhpura,,Indonesia
94,Fiorenze,Peeter,Female,fpeeter2l@mlb.com,5379302114,Ilihan,,Philippines
95,Rudolf,Butten,Male,rbutten2m@booking.com,8051597478,Wetzlar,Hessen,Germany
96,Northrup,Minard,Male,nminard2n@hibu.com,5619769662,Tembol,,Indonesia
97,Halimeda,Sloat,Female,hsloat2o@thetimes.co.uk,6842756969,Wenjī,,Ethiopia
98,Shalom,Dallin,Male,sdallin2p@yolasite.com,3189496327,Kuanfeu,,Indonesia
99,Jodee,Sedgeman,Female,jsedgeman2q@fastcompany.com,2084487699,Velizh,,Russia
100,Gates,Pedrocco,Female,gpedrocco2r@harvard.edu,5789735465,Oropós,,Greece
101,Giselbert,Esplin,Male,gesplin2s@imdb.com,4727016555,General Pinedo,,Argentina
102,Bruis,Bonifas,Male,bbonifas2t@amazon.co.jp,6606592508,Dmitrov,,Russia
103,Corrie,Bendtsen,Female,cbendtsen2u@techcrunch.com,3837879470,Bedayutalang,,Indonesia
104,Bent,Norwich,Male,bnorwich2v@wufoo.com,2344880364,Suvorovskaya,,Russia
105,Ludovico,Santi,Male,lsanti2w@vk.com,5707707078,Scranton,Pennsylvania,United States
106,Sibella,Purcell,Female,spurcell2x@phpbb.com,9997229646,Ambar,,Peru
107,Naomi,Habbershon,Female,nhabbershon2y@woothemes.com,6527446729,Morales,,Colombia
108,Margarita,Pettus,Female,mpettus2z@bbb.org,7816380846,Laocheng,,China
109,Gay,Edscer,Female,gedscer30@1688.com,2359929993,Ijuí,,Brazil
110,Willabella,Challicum,Female,wchallicum31@hc360.com,4028845060,Taozhuang,,China
111,Faythe,Jenney,Female,fjenney32@washingtonpost.com,7144305721,Fullerton,California,United States
112,Raeann,Billison,Female,rbillison33@illinois.edu,2715980433,Vrede,,South Africa
113,Carol,Innis,Female,cinnis34@usda.gov,9108664674,Itaituba,,Brazil
114,Joaquin,Oaker,Male,joaker35@independent.co.uk,6641240518,Bukedea,,Uganda
115,Sonnie,Duffell,Female,sduffell36@bigcartel.com,5181059842,Dengfang,,China
116,Cristal,McIlvenna,Female,cmcilvenna37@comsenz.com,4336058065,Padangan,,Indonesia
117,Giacopo,Bromage,Male,gbromage38@oaic.gov.au,9955195027,Jalinan,,Indonesia
118,Bertina,Baseley,Female,bbaseley39@blogs.com,6467272141,New York City,New York,United States
119,Dillie,Exell,Male,dexell3a@g.co,5318400447,San Francisco,,Colombia
120,Rustin,Kynforth,Male,rkynforth3b@hexun.com,6054653638,Jiangwan,,China
121,Bendite,Switland,Female,bswitland3c@icq.com,2033421350,Emiliano Zapata,Chihuahua,Mexico
122,Ruthie,Wenban,Female,rwenban3d@wikimedia.org,9014367632,Xijiao,,China
123,Kipp,Couch,Female,kcouch3e@slashdot.org,2041118543,Kuilehe,,China
124,Isaac,Guerreiro,Male,iguerreiro3f@about.me,8314764049,Kitwe,,Zambia
125,Thorn,McLay,Male,tmclay3g@discovery.com,5318372524,Cana Chapetón,,Dominican Republic
126,Elden,Warbys,Male,ewarbys3h@wikimedia.org,7968108184,Argostólion,,Greece
127,Marj,Chieco,Female,mchieco3i@github.io,8041052901,Richmond,Virginia,United States
128,Tandie,Bowen,Female,tbowen3j@comsenz.com,6266750944,Knyaze-Volkonskoye,,Russia
129,Emmy,Casassa,Male,ecasassa3k@hhs.gov,5523066903,Olszanica,,Poland
130,Lamont,Fey,Male,lfey3l@sciencedirect.com,6519902957,Mollepampa,,Peru
131,Wallie,Gerbel,Male,wgerbel3m@comsenz.com,8836364102,Teutônia,,Brazil
132,Reinhard,Mortlock,Male,rmortlock3n@smugmug.com,4553636370,Hidalgo,Chihuahua,Mexico
133,Carry,Sapsforde,Female,csapsforde3o@columbia.edu,6033209727,Simpang,,Indonesia
134,Robbie,Woodvine,Female,rwoodvine3p@drupal.org,3996142966,Yala,,Thailand
135,Arnold,Sahnow,Male,asahnow3q@newsvine.com,6461792928,Feicheng,,China
136,Vernon,Ringer,Male,vringer3r@booking.com,1993704214,Maxixe,,Mozambique
137,Sande,Woolaghan,Female,swoolaghan3s@bluehost.com,9751833610,Pingsha,,China
138,Dulcine,O'Currigan,Female,docurrigan3t@e-recht24.de,6627494956,Boujniba,,Morocco
139,Bruce,Rickeard,Male,brickeard3u@squidoo.com,8091084651,Dengnan,,China
140,Don,Yourell,Male,dyourell3v@huffingtonpost.com,9748546467,Jiangnan,,China
141,Ailsun,Knott,Female,aknott3w@unicef.org,4452976366,Sofiyivka,,Ukraine
142,Thaxter,Mewrcik,Male,tmewrcik3x@epa.gov,3076146068,Stalowa Wola,,Poland
143,Moll,O'Hagirtie,Female,mohagirtie3y@paypal.com,6392957267,Luleå,Norrbotten,Sweden
144,Den,Bexley,Male,dbexley3z@scientificamerican.com,5891335658,Fajã de Cima,Ilha de São Miguel,Portugal
145,Rudy,Tyrone,Male,rtyrone40@ebay.com,8851083267,Marapat,,Indonesia
146,Poul,Littleton,Male,plittleton41@cafepress.com,5431535542,Caeté,,Brazil
147,Dael,Lowndsbrough,Female,dlowndsbrough42@ovh.net,2492216470,Maradi,,Niger
148,Dennet,Thunderchief,Male,dthunderchief43@aol.com,4802948253,Chenqing,,China
149,Niels,Mettrick,Male,nmettrick44@sfgate.com,6177351464,Barreiras,Viana do Castelo,Portugal
150,Denys,Kubasek,Male,dkubasek45@unesco.org,6579207000,Wulipu,,China
151,Sheila,Pavinese,Female,spavinese46@nationalgeographic.com,2269710964,Weixin,,China
152,Yalonda,Noddles,Female,ynoddles47@php.net,2801780156,Huangyan,,China
153,Simonette,Waldron,Female,swaldron48@people.com.cn,8693509742,Wujia,,China
154,Stillman,Surridge,Male,ssurridge49@comsenz.com,7468306761,Taouima,,Morocco
155,Padraic,Lorden,Male,plorden4a@discovery.com,4649985020,Santos,,Brazil
156,Jessika,Orcas,Female,jorcas4b@amazonaws.com,3889767129,Charxin,,Uzbekistan
157,Vasilis,Ducket,Male,vducket4c@stumbleupon.com,4639784339,Huangban,,China
158,Silvano,Seleway,Male,sseleway4d@sakura.ne.jp,1862075474,Soukkouma,,Laos
159,Agneta,Coulthard,Female,acoulthard4e@yellowpages.com,6641805529,Sukowono,,Indonesia
160,Sergent,Freyn,Male,sfreyn4f@shareasale.com,7362804989,Muurla,,Finland
161,Valerie,Rawdall,Female,vrawdall4g@bloglines.com,6533821485,Veselynove,,Ukraine
162,Brianna,Laetham,Female,blaetham4h@uiuc.edu,7154987348,Şalākhid,,Syria
163,Alissa,William,Female,awilliam4i@netvibes.com,2353371511,Sosnowiec,,Poland
164,Mozes,Brumbie,Male,mbrumbie4j@marriott.com,7713206688,As Sab‘ Biyār,,Syria
165,Violetta,Darlison,Female,vdarlison4k@devhub.com,8857248943,Ribnica na Pohorju,,Slovenia
166,Harwilll,Linder,Male,hlinder4l@biblegateway.com,9473299128,Rudnyy,,Kazakhstan
167,Glad,Quare,Female,gquare4m@indiegogo.com,5389425136,Düsseldorf,Nordrhein-Westfalen,Germany
168,Starr,Yakunin,Female,syakunin4n@mysql.com,3933685364,Huatan,,China
169,Ali,Gullis,Female,agullis4o@cpanel.net,6565190614,Dmitrov,,Russia
170,Conroy,Ratnege,Male,cratnege4p@msn.com,7858404911,Yeniköy,Manisa,Turkey
171,Corbie,Alabaster,Male,calabaster4q@webnode.com,6213534362,Fantino,,Dominican Republic
172,Jobyna,Carrack,Female,jcarrack4r@topsy.com,9785509870,Paranapanema,,Brazil
173,Chic,Harron,Male,charron4s@istockphoto.com,7835720447,Stoczek Łukowski,,Poland
174,Osmond,Fitzpayn,Male,ofitzpayn4t@phpbb.com,1858925139,Sandviken,Gävleborg,Sweden
175,Savina,Mainland,Female,smainland4u@ustream.tv,9708650537,Castanheira,Braga,Portugal
176,Muire,Brech,Female,mbrech4v@google.ru,6121537769,Santos Dumont,,Brazil
177,Devy,Jamson,Male,djamson4w@nifty.com,6068064450,Banjar Sambangan,,Indonesia
178,Sinclair,Copello,Male,scopello4x@forbes.com,6929474731,Foumban,,Cameroon
179,Yorke,Gossan,Male,ygossan4y@goo.gl,6537894246,Lamas,Porto,Portugal
180,Jed,Blazey,Male,jblazey4z@histats.com,6591685463,Cungkal,,Indonesia
181,Jeniffer,Seage,Female,jseage50@hao123.com,9984103183,Kolkhozobod,,Tajikistan
182,Dunn,Ambrodi,Male,dambrodi51@nhs.uk,2314406122,Pegongan,,Indonesia
183,Brandise,Learmount,Female,blearmount52@behance.net,6524551949,Al Jumaylīyah,,Qatar
184,Norean,Twentyman,Female,ntwentyman53@scribd.com,5836984202,Qŭrghontepa,,Uzbekistan
185,Tan,Mathevon,Male,tmathevon54@google.com.hk,3418261589,Port Hawkesbury,Nova Scotia,Canada
186,Pincus,Ferrarotti,Male,pferrarotti55@privacy.gov.au,5637855517,Kelīshād va Sūdarjān,,Iran
187,Calhoun,Tizzard,Male,ctizzard56@nhs.uk,7417801188,Gritsovskiy,,Russia
188,Leese,Lennarde,Female,llennarde57@intel.com,5126356341,Austin,Texas,United States
189,Faustine,Bateman,Female,fbateman58@elegantthemes.com,6204711933,Ketara,,Indonesia
190,Rockey,Ungerechts,Male,rungerechts59@bloglines.com,6737714445,Su’ao,,China
191,Marc,Webbe,Male,mwebbe5a@blogspot.com,6646348913,Manggekompo,,Indonesia
192,Alasdair,Filchakov,Male,afilchakov5b@unblog.fr,1838475654,San Andrés Villa Seca,,Guatemala
193,Fremont,Figger,Male,ffigger5c@biblegateway.com,7563975982,Giesteira,Viana do Castelo,Portugal
194,Heidi,Permain,Female,hpermain5d@fda.gov,5758563994,Lisovi Sorochyntsi,,Ukraine
195,Ugo,O'Neill,Male,uoneill5e@macromedia.com,9119783798,Jayawangi,,Indonesia
196,Koralle,Labern,Female,klabern5f@edublogs.org,6415879237,Sacanche,,Peru
197,Blakeley,Wheelan,Female,bwheelan5g@blogspot.com,2049666569,Runaway Bay,,Jamaica
198,Dru,Goulbourne,Female,dgoulbourne5h@si.edu,1759955233,Luleå,Norrbotten,Sweden
199,Gerry,Pendell,Male,gpendell5i@t.co,8144071315,Ulan Hua,,China
200,Osmond,Crissil,Male,ocrissil5j@businesswire.com,5503387488,Marāveh Tappeh,,Iran
201,Barnabe,Sayes,Male,bsayes5k@youtu.be,1801177881,Gengma,,China
202,Trip,Bennion,Male,tbennion5l@phoca.cz,8296088014,Eira da Pedra,Santarém,Portugal
203,Worthy,Pusey,Male,wpusey5m@163.com,1909003681,Huliao,,China
204,Sula,Flemming,Female,sflemming5n@cpanel.net,8425942982,Sandefjord,Vestfold,Norway
205,Lazar,Hunnam,Male,lhunnam5o@go.com,5688207260,Tanjungkerta,,Indonesia
206,Lars,Sydney,Male,lsydney5p@ucoz.com,3331072037,Karabas,,Kazakhstan
207,Clementius,Andrea,Male,candrea5q@marriott.com,2438632626,Morant Bay,,Jamaica
208,Theresa,Oliff,Female,toliff5r@rambler.ru,3044188994,Lavaur,Midi-Pyrénées,France
209,Lizabeth,Tethcote,Female,ltethcote5s@123-reg.co.uk,5187887181,Nacala,,Mozambique
210,Alex,Roddie,Male,aroddie5t@shinystat.com,2194131881,Tengger,,Indonesia
211,Teriann,Danick,Female,tdanick5u@slate.com,3246202690,Imperatriz,,Brazil
212,Mic,Skones,Male,mskones5v@taobao.com,2718101464,Pirojpur,,Bangladesh
213,Caty,Overbury,Female,coverbury5w@biglobe.ne.jp,3514406636,Kamieniec,,Poland
214,Stormy,Filyakov,Female,sfilyakov5x@hp.com,3214127755,Osinniki,,Russia
215,Nedda,MacTrustrie,Female,nmactrustrie5y@independent.co.uk,1602962314,Knyszyn,,Poland
216,Ripley,Soda,Male,rsoda5z@reverbnation.com,6701078696,Leiden,Provincie Zuid-Holland,Netherlands
217,Kermit,Amys,Male,kamys60@xinhuanet.com,9171131837,Tabango,,Philippines
218,Barb,Carradice,Female,bcarradice61@alibaba.com,5057158132,Villejuif,Île-de-France,France
219,Flemming,Rowlin,Male,frowlin62@soundcloud.com,5748726236,Obrenovac,,Serbia
220,Lisle,Ilyas,Male,lilyas63@vinaora.com,8068192540,Ordynskoye,,Russia
221,Allis,O Mullen,Female,aomullen64@ibm.com,8444991093,Garahaji,,Indonesia
222,Mikael,Palatini,Male,mpalatini65@economist.com,8773754342,Buzuluk,,Russia
223,Anthia,Southcott,Female,asouthcott66@ted.com,2509883970,Shuanglong,,China
224,Frederich,Belshaw,Male,fbelshaw67@spotify.com,6915011685,Longka,,Indonesia
225,Darcey,Waterhowse,Female,dwaterhowse68@apache.org,3732648408,Akarakar,,Indonesia
226,Valaria,Judkin,Female,vjudkin69@slideshare.net,3205337285,Peterhof,,Russia
227,Ab,Roizn,Male,aroizn6a@samsung.com,5541809650,San Isidro,,Philippines
228,Kerk,Skylett,Male,kskylett6b@springer.com,1598556536,Luokou,,China
229,Sloane,Legendre,Male,slegendre6c@jiathis.com,1182468583,Kostomuksha,,Russia
230,Dorolisa,Dacre,Female,ddacre6d@t-online.de,8706565068,Yahil’nytsya,,Ukraine
231,Camile,Hallowes,Female,challowes6e@globo.com,7455129222,Ciparay,,Indonesia
232,Rosalinde,Scedall,Female,rscedall6f@feedburner.com,3914859362,Hualfín,,Argentina
233,Louisa,Laing,Female,llaing6g@marriott.com,7988212880,Albergaria,Coimbra,Portugal
234,Blondie,de Najera,Female,bdenajera6h@feedburner.com,4663328980,Haiyan,,China
235,Stevie,Mabson,Male,smabson6i@usa.gov,6446140995,Zaokskiy,,Russia
236,Vinson,Wharf,Male,vwharf6j@java.com,1441740056,Culasian,,Philippines
237,Edouard,Twiggs,Male,etwiggs6k@cnbc.com,9079969224,Adrasmon,,Tajikistan
238,Carlota,Carette,Female,ccarette6l@csmonitor.com,5696420277,Nanshan,,China
239,Mitchael,Greeves,Male,mgreeves6m@microsoft.com,3859857763,Tyresö,Stockholm,Sweden
240,Nate,Stillwell,Male,nstillwell6n@freewebs.com,3832534742,Salgar,,Colombia
241,Carolynn,Vasin,Female,cvasin6o@google.nl,9492975726,Kozhva,,Russia
242,Derk,MacNish,Male,dmacnish6p@biblegateway.com,9193510253,Logovskoye,,Russia
243,Hilary,Rawkesby,Male,hrawkesby6q@admin.ch,6866135893,São José dos Campos,,Brazil
244,Veda,Longfut,Female,vlongfut6r@acquirethisname.com,2716357037,Phuthaditjhaba,,South Africa
245,Elie,Plumridge,Female,eplumridge6s@ibm.com,5135488977,Manalad,,Philippines
246,Lauri,Romaynes,Female,lromaynes6t@mapy.cz,2095346635,Martakert,,Azerbaijan
247,Mata,Feuell,Male,mfeuell6u@xing.com,9793278217,Kipit,,Philippines
248,Wolfie,Cess,Male,wcess6v@bandcamp.com,7756084610,Belajen,,Indonesia
249,Vere,Accum,Female,vaccum6w@weather.com,4213114952,Villamaría,,Colombia
250,Federica,Lenin,Female,flenin6x@netvibes.com,7667537300,Pangpang,,Philippines
251,Baryram,Albion,Male,balbion6y@howstuffworks.com,1274189179,Västerås,Västmanland,Sweden
252,Stesha,Govey,Female,sgovey6z@sun.com,3802835104,Muang Sam Sip,,Thailand
253,Russ,Sirman,Male,rsirman70@tumblr.com,6518094560,Saint Paul,Minnesota,United States
254,Sabra,Meeny,Female,smeeny71@telegraph.co.uk,6595103199,Protección,,Honduras
255,Clerc,Catterell,Male,ccatterell72@archive.org,6137868166,Norberg,Västmanland,Sweden
256,Davita,Orfeur,Female,dorfeur73@cdc.gov,2939307547,Negeriagung,,Indonesia
257,Kiah,Peirson,Female,kpeirson74@elegantthemes.com,9614175499,Élancourt,Île-de-France,France
258,Thatcher,Voelker,Male,tvoelker75@sourceforge.net,2333171663,Lidingö,Stockholm,Sweden
259,Sayres,Mc Caughen,Male,smccaughen76@elpais.com,8448743057,Qarāwat Banī Zayd,,Palestinian Territory
260,Randy,Brawn,Female,rbrawn77@nsw.gov.au,4128424816,Pittsburgh,Pennsylvania,United States
261,Dick,Amphlett,Male,damphlett78@paginegialle.it,3467282328,Corroios,Setúbal,Portugal
262,Alejandrina,MacIlory,Female,amacilory79@mlb.com,8586727687,Shuiyuan,,China
263,Vannie,Fernie,Female,vfernie7a@amazonaws.com,7111188906,Meizhuang,,China
264,Pammie,Howitt,Female,phowitt7b@tinypic.com,4707782529,Jinan,,China
265,Erich,Mizzen,Male,emizzen7c@friendfeed.com,8528879170,Haimen,,China
266,Grover,Catmull,Male,gcatmull7d@behance.net,9287888019,Cingambul,,Indonesia
267,Angelique,Philipsen,Female,aphilipsen7e@smh.com.au,6992185624,Fëdorovskoye,,Russia
268,Alta,Stavers,Female,astavers7f@arizona.edu,1653805248,Longhua,,China
269,Blake,Caulcott,Female,bcaulcott7g@mit.edu,4304601758,Créteil,Île-de-France,France
270,Clem,Sleigh,Male,csleigh7h@spiegel.de,3944278423,Komiža,,Croatia
271,Otha,Van Der Vlies,Female,ovandervlies7i@ask.com,7867228074,Coronel Vivida,,Brazil
272,Melisenda,O'Gleasane,Female,mogleasane7j@intel.com,1636429747,Kaishantun,,China
273,Donnie,Mc Meekin,Female,dmcmeekin7k@biblegateway.com,8688767532,Jintang,,China
274,Coralie,Seawright,Female,cseawright7l@hatena.ne.jp,9147934325,Krasnyy Yar,,Russia
275,Reinald,Radloff,Male,rradloff7m@telegraph.co.uk,1346401455,Kwali,,Nigeria
276,Nye,Younglove,Male,nyounglove7n@dell.com,9799283683,Babakanloa,,Indonesia
277,Robenia,Hobbing,Female,rhobbing7o@stanford.edu,4381187410,Daejeon,,South Korea
278,Carol-jean,Pirrie,Female,cpirrie7p@dion.ne.jp,9655783896,Paris 16,Île-de-France,France
279,Maura,Behagg,Female,mbehagg7q@nationalgeographic.com,3855647995,Silvares,Castelo Branco,Portugal
280,Delmor,Haggie,Male,dhaggie7r@blinklist.com,9423335504,Samran,,Thailand
281,Byrann,Amoss,Male,bamoss7s@freewebs.com,6924330000,Yemva,,Russia
282,Nessie,Brittle,Female,nbrittle7t@ted.com,1761353146,Pagatan,,Indonesia
283,Chickie,Forcade,Male,cforcade7u@histats.com,7038135281,Apače,,Slovenia
284,Angelica,Pauly,Female,apauly7v@1688.com,2192265260,Sungai Nyamuk,,Indonesia
285,Karylin,Bartoleyn,Female,kbartoleyn7w@tuttocitta.it,7223398124,Kinnula,,Finland
286,Trude,Andreopolos,Female,tandreopolos7x@i2i.jp,1402135067,Hougong,,China
287,Ara,Deverick,Female,adeverick7y@thetimes.co.uk,9106726653,Rio Formoso,,Brazil
288,Ana,Bacher,Female,abacher7z@businessinsider.com,6569702631,Miragoâne,,Haiti
289,Tobit,Bedinham,Male,tbedinham80@rambler.ru,8614100720,Gazanjyk,,Turkmenistan
290,Yank,Fulcher,Male,yfulcher81@java.com,9743324407,Ban Phaeo,,Thailand
291,Nissie,Rickardes,Female,nrickardes82@examiner.com,2869670455,Letpandan,,Myanmar
292,Griz,Tomczynski,Male,gtomczynski83@list-manage.com,5656063275,Beizhakou,,China
293,Ertha,Kayne,Female,ekayne84@wix.com,7704334265,Haljala,,Estonia
294,Delores,Dayton,Female,ddayton85@ed.gov,5378937241,Shanxi,,China
295,Claudio,Martineau,Male,cmartineau86@prnewswire.com,9095457937,Los Mangos,Veracruz Llave,Mexico
296,Winny,Guise,Female,wguise87@fc2.com,5617507786,Diré,,Mali
297,Lanny,Corkhill,Male,lcorkhill88@typepad.com,5239561767,Gangou,,China
298,Orsa,Hansel,Female,ohansel89@wikimedia.org,3471285476,Ricardo Palma,,Peru
299,Glory,Blaine,Female,gblaine8a@angelfire.com,5483785475,Surin,,Thailand
300,Noe,Entres,Male,nentres8b@t.co,2565527800,Farsta,Stockholm,Sweden
301,Winny,Benallack,Female,wbenallack8c@nationalgeographic.com,4775022567,Saint-Gratien,Île-de-France,France
302,Chrissy,Pardal,Female,cpardal8d@tuttocitta.it,2197579263,Coquitlam,British Columbia,Canada
303,Donavon,Pugsley,Male,dpugsley8e@discovery.com,4677493302,Xikou,,China
304,Nicole,Masdin,Female,nmasdin8f@amazonaws.com,7305910159,Perpignan,Languedoc-Roussillon,France
305,Lyndel,Ormistone,Female,lormistone8g@altervista.org,8945450668,Rawang,Selangor,Malaysia
306,Jordan,Gallimore,Female,jgallimore8h@discovery.com,1355101912,Zalanga,,Nigeria
307,Graehme,Kennion,Male,gkennion8i@reverbnation.com,9927409190,Montceau-les-Mines,Bourgogne,France
308,Jacquelynn,Bulluck,Female,jbulluck8j@fda.gov,5837281424,Karlshamn,Blekinge,Sweden
309,Cate,Alderton,Female,calderton8k@google.ca,6549359395,Latacunga,,Ecuador
310,Jammie,Rollett,Female,jrollett8l@hhs.gov,4587018732,Hekou,,China
311,Lola,Larham,Female,llarham8m@seesaa.net,3484932156,Antipolo,,Philippines
312,Nollie,Lineker,Male,nlineker8n@google.nl,5207860652,São Mamede de Infesta,Porto,Portugal
313,Marylou,Ferrillo,Female,mferrillo8o@i2i.jp,2034208359,New Haven,Connecticut,United States
314,Millard,Bagg,Male,mbagg8p@meetup.com,1109652606,Loznitsa,,Bulgaria
315,Hy,Daber,Male,hdaber8q@un.org,6531839480,Baoping,,China
316,Verney,Pimlett,Male,vpimlett8r@edublogs.org,3073210330,Cayara,,Peru
317,Frederik,Ravenscroft,Male,fravenscroft8s@51.la,1034606188,Arcachon,Aquitaine,France
318,Stillman,Iffland,Male,siffland8t@ted.com,7621227827,Timiryazevo,,Kazakhstan
319,Adriano,Semarke,Male,asemarke8u@simplemachines.org,2009450936,Arevik,,Armenia
320,Leann,Gouldbourn,Female,lgouldbourn8v@nature.com,1286026414,Mpongwe,,Zambia
321,Kacie,Stritton,Female,kstritton8w@tinypic.com,6891518536,Carianos,,Brazil
322,Percival,Gilliver,Male,pgilliver8x@google.ca,5131440244,Torres,,Brazil
323,Orran,Hulks,Male,ohulks8y@purevolume.com,7669082375,Jixiang,,China
324,Cleo,Bleesing,Female,cbleesing8z@tripadvisor.com,6752111240,Mokwa,,Nigeria
325,Paulina,Scanlin,Female,pscanlin90@cisco.com,2571351618,Saint-Marcellin,Rhône-Alpes,France
326,Myrwyn,Clappson,Male,mclappson91@java.com,4663102065,Punākha,,Bhutan
327,Teddy,Chaimson,Male,tchaimson92@columbia.edu,4824902681,Padre Burgos,,Philippines
328,Dari,Gilley,Female,dgilley93@plala.or.jp,7173285380,Liancheng,,China
329,Langston,Girardengo,Male,lgirardengo94@printfriendly.com,4047445954,Luna,,Philippines
330,Ethelred,McNeillie,Male,emcneillie95@yahoo.com,5185181731,Bamiantong,,China
331,Anne-corinne,Farnworth,Female,afarnworth96@jigsy.com,3633745930,Freiria,Santarém,Portugal
332,Zaneta,Leathers,Female,zleathers97@google.it,4865284106,Tangcun,,China
333,Trey,Brabyn,Male,tbrabyn98@reuters.com,7896543719,Mandala,,Indonesia
334,Etienne,Scawen,Male,escawen99@wp.com,5778959800,Bochum,Nordrhein-Westfalen,Germany
335,Jeffrey,Minghetti,Male,jminghetti9a@csmonitor.com,4676300502,Garang,,China
336,Avram,Terne,Male,aterne9b@dagondesign.com,3373133879,Pinghu,,China
337,Justus,Jenkin,Male,jjenkin9c@slashdot.org,4057144603,Cikayas,,Indonesia
338,Zackariah,Degoix,Male,zdegoix9d@blogger.com,9147865997,Čížkovice,,Czech Republic
339,Clemence,Kenwin,Female,ckenwin9e@scientificamerican.com,5327371007,Kérkyra,,Greece
340,Ichabod,Berthot,Male,iberthot9f@skyrock.com,5473964143,Rakvere,,Estonia
341,Ashil,Wait,Female,await9g@google.co.jp,5021978795,Jedlová,,Czech Republic
342,Tyler,Southwood,Male,tsouthwood9h@123-reg.co.uk,7919563525,Portet-sur-Garonne,Midi-Pyrénées,France
343,Frederic,Cleugh,Male,fcleugh9i@si.edu,3064099349,Mzuzu,,Malawi
344,Hurleigh,Shuard,Male,hshuard9j@gmpg.org,5747693258,Unaí,,Brazil
345,Orlan,Joscelin,Male,ojoscelin9k@addtoany.com,1938453023,Buenavista,,Colombia
346,Ingrim,MacRanald,Male,imacranald9l@chronoengine.com,7084344596,Sundre,Alberta,Canada
347,Trip,Drewell,Male,tdrewell9m@foxnews.com,1763087641,Ma’an,,China
348,Talbot,Sympson,Male,tsympson9n@surveymonkey.com,9354657753,Judaydah,,Yemen
349,Sawyer,Scamadin,Male,sscamadin9o@purevolume.com,4738549286,San Marcos,,Honduras
350,Caritta,Ruddin,Female,cruddin9p@123-reg.co.uk,9592774531,Quinchía,,Colombia
351,Sammy,De la Eglise,Male,sdelaeglise9q@cbsnews.com,8632904344,Araçuaí,,Brazil
352,Alford,Le Blanc,Male,aleblanc9r@google.co.jp,8194544748,Xuefu,,China
353,Ulric,Polet,Male,upolet9s@fc2.com,6569701863,Bria,,Central African Republic
354,Derry,Anglish,Male,danglish9t@google.com.au,9793409950,Putrajaya,Putrajaya,Malaysia
355,Tallie,Twelvetree,Female,ttwelvetree9u@deviantart.com,2066098755,San José de Ocoa,,Dominican Republic
356,Shelagh,Brizell,Female,sbrizell9v@nyu.edu,6866453328,San Vicente,,Philippines
357,Yale,Spacy,Male,yspacy9w@google.co.uk,7937943024,Ngkiong,,Indonesia
358,Amery,Roughsedge,Male,aroughsedge9x@squarespace.com,5835001437,Amucao,,Philippines
359,Chadwick,Jinks,Male,cjinks9y@comcast.net,1633456723,Xinzhou,,China
360,Reece,Hallward,Male,rhallward9z@upenn.edu,7725782381,Norman Wells,Northwest Territories,Canada
361,Glynis,McKeon,Female,gmckeona0@china.com.cn,6304841037,Consolacion,,Philippines
362,Evvy,McManus,Female,emcmanusa1@illinois.edu,8046763396,Sil-li,,North Korea
363,Barbie,Du Plantier,Female,bduplantiera2@mit.edu,9557650765,Pinrang,,Indonesia
364,Nert,Pfleger,Female,npflegera3@bandcamp.com,8203205650,Tabonok,,Philippines
365,Dyana,Witul,Female,dwitula4@china.com.cn,8412933872,Tomakivka,,Ukraine
366,Rafaela,Mee,Female,rmeea5@skyrock.com,3028072781,Wangdun,,China
367,Mata,MacShirrie,Male,mmacshirriea6@desdev.cn,7843030634,Karangsari,,Indonesia
368,Dorette,Causer,Female,dcausera7@whitehouse.gov,5338711309,Baykit,,Russia
369,Hamid,Della Scala,Male,hdellascalaa8@irs.gov,4125567159,Aksu,,Kazakhstan
370,Hendrik,Blacket,Male,hblacketa9@prweb.com,4228824565,Medveditskiy,,Russia
371,Noe,Pethrick,Male,npethrickaa@a8.net,3454894733,Kamo,,Japan
372,Florie,Mattsson,Female,fmattssonab@netlog.com,7928153174,Pantenan,,Indonesia
373,Marcel,Linthead,Male,mlintheadac@liveinternet.ru,7662562710,Pucara,,Peru
374,Steffi,Farloe,Female,sfarloead@phpbb.com,6539035984,Houxiang,,China
375,Boyd,Fehely,Male,bfehelyae@columbia.edu,5844212825,Ennery,,Haiti
376,Angelika,Few,Female,afewaf@washingtonpost.com,3846704114,Lieqiao,,China
377,Myles,Conti,Male,mcontiag@last.fm,3762117381,Châlons-en-Champagne,Champagne-Ardenne,France
378,Chane,Don,Male,cdonah@usgs.gov,4584077764,Mazamet,Midi-Pyrénées,France
379,Jeddy,Gotter,Male,jgotterai@ovh.net,6261416697,Panjakent,,Tajikistan
380,Kiley,Booy,Female,kbooyaj@google.ca,8453114090,Fantino,,Dominican Republic
381,Crissie,Mustarde,Female,cmustardeak@creativecommons.org,9285518527,Sidomukti,,Indonesia
382,Joyous,Gebby,Female,jgebbyal@engadget.com,4106656498,Baltimore,Maryland,United States
383,Cirstoforo,Rowthorn,Male,crowthornam@google.co.jp,1426447668,Altan Emel,,China
384,Justus,Vasilischev,Male,jvasilischevan@amazon.com,3262204564,Taypano,,Philippines
385,Franzen,Wrintmore,Male,fwrintmoreao@paginegialle.it,4079822245,Storuman,Västerbotten,Sweden
386,Marlee,Bumpus,Female,mbumpusap@intel.com,4375020292,Hauhena,,Indonesia
387,Freeland,Muldowney,Male,fmuldowneyaq@4shared.com,6764278712,Melong,,Cameroon
388,Che,Henriques,Male,chenriquesar@1688.com,9818638774,Bor Tungge,,China
389,Haleigh,McKaile,Male,hmckaileas@mac.com,9362310675,Iporá,,Brazil
390,Arin,Hawkins,Male,ahawkinsat@mapquest.com,5559576226,Göteborg,Västra Götaland,Sweden
391,Engelbert,Faulkener,Male,efaulkenerau@springer.com,1166210908,Paris 15,Île-de-France,France
392,Merry,Sweetsur,Male,msweetsurav@vk.com,6752006977,Cartago,,Costa Rica
393,Connie,Ascroft,Male,cascroftaw@wikipedia.org,6161112482,Okiot,,Philippines
394,Kaiser,Fratson,Male,kfratsonax@ebay.com,5042653500,Paris 13,Île-de-France,France
395,Sawyer,Trench,Male,strenchay@ibm.com,7024003520,Tangcun,,China
396,Analise,Checcucci,Female,acheccucciaz@infoseek.co.jp,6029033533,Krásná Hora nad Vltavou,,Czech Republic
397,Ricki,Uccello,Female,ruccellob0@blog.com,9669623861,Cértegui,,Colombia
398,Dyann,Grzelak,Female,dgrzelakb1@behance.net,7884908466,Tongole,,Sierra Leone
399,Gearalt,Paute,Male,gpauteb2@wufoo.com,9567682556,Urus-Martan,,Russia
400,Brunhilde,Estevez,Female,bestevezb3@tripod.com,7272255494,Utsjoki,,Finland
401,Dewitt,Mathevet,Male,dmathevetb4@fc2.com,9883749062,Banatski Dvor,,Serbia
402,Vasily,Juden,Male,vjudenb5@unblog.fr,6316858642,Ringinrejo,,Indonesia
403,Reina,Clissett,Female,rclissettb6@spotify.com,3225582844,Zhangjiapan,,China
404,Anya,Vinecombe,Female,avinecombeb7@who.int,3086725125,Riosucio,,Colombia
405,Barnett,Beecroft,Male,bbeecroftb8@umich.edu,7843086578,Serra de Santa Marinha,Coimbra,Portugal
406,Nicoli,Drydale,Female,ndrydaleb9@ning.com,3227634148,Prince Albert,,South Africa
407,Amata,Faughny,Female,afaughnyba@mediafire.com,4641909711,João Monlevade,,Brazil
408,Pauly,Bansal,Female,pbansalbb@berkeley.edu,5603434453,El Corozal,,Honduras
409,Traver,Handling,Male,thandlingbc@loc.gov,9354563059,Lyubashivka,,Ukraine
410,Hally,Bedburrow,Female,hbedburrowbd@virginia.edu,5193833282,Caen,Basse-Normandie,France
411,Eimile,Aird,Female,eairdbe@apache.org,9071023016,Wasquehal,Nord-Pas-de-Calais,France
412,Estrella,Kays,Female,ekaysbf@intel.com,2896490426,Pontian,,Philippines
413,Dosi,Skellion,Female,dskellionbg@w3.org,2061056996,Luebo,,Democratic Republic of the Congo
414,Stu,Hinchshaw,Male,shinchshawbh@businesswire.com,2905657659,Ojo de Agua,Mexico,Mexico
415,Liza,Palek,Female,lpalekbi@slate.com,3726448667,Banpu,,China
416,Liv,Wake,Female,lwakebj@archive.org,5558981247,Luodian,,China
417,Bob,Bewlie,Male,bbewliebk@utexas.edu,8479197008,Curuggoong,,Indonesia
418,Aggy,Katz,Female,akatzbl@booking.com,7918840444,Kimanuit,,Philippines
419,Son,Gogay,Male,sgogaybm@nsw.gov.au,2756393096,Dubrovnik,,Croatia
420,Matthus,Wisher,Male,mwisherbn@mayoclinic.com,7044321373,Serzedelo,Braga,Portugal
421,Nelly,Myford,Female,nmyfordbo@ox.ac.uk,7017660067,Sabang,,Philippines
422,Rolfe,Aberhart,Male,raberhartbp@yelp.com,1876471053,Marmárion,,Greece
423,Earvin,Scopyn,Male,escopynbq@google.cn,1331036761,Banquero,,Philippines
424,Kelsy,Spring,Female,kspringbr@mlb.com,8457906542,Żórawina,,Poland
425,Amata,Fairburn,Female,afairburnbs@cnn.com,8094550727,Olutanga,,Philippines
426,Lewiss,Aikin,Male,laikinbt@clickbank.net,6747382089,Almalaguês,Coimbra,Portugal
427,Leonard,Dugood,Male,ldugoodbu@histats.com,4696838927,Ilopango,,El Salvador
428,Neda,Rainbird,Female,nrainbirdbv@etsy.com,2063492662,Piraju,,Brazil
429,Cicily,Keaton,Female,ckeatonbw@nps.gov,2818635203,Aquitania,,Colombia
430,Kacey,De Banke,Female,kdebankebx@newyorker.com,4615110739,Krutaya Gorka,,Russia
431,Dorette,Clarson,Female,dclarsonby@pbs.org,2024242018,Dois Portos,Lisboa,Portugal
432,Mame,Durand,Female,mdurandbz@taobao.com,9345646918,Pernå,,Finland
433,Quill,Walcar,Male,qwalcarc0@adobe.com,3949872520,Bārkhān,,Pakistan
434,Benedikta,Oseman,Female,bosemanc1@illinois.edu,1087830927,Villa Alemana,,Chile
435,Maddalena,Chappell,Female,mchappellc2@geocities.jp,9995730339,Itaporanga,,Brazil
436,Juliet,Toffolo,Female,jtoffoloc3@arstechnica.com,4518143256,Jaboatão,,Brazil
437,Mead,Buchett,Female,mbuchettc4@mysql.com,7346079752,Kristinehamn,Värmland,Sweden
438,Elie,Negri,Female,enegric5@so-net.ne.jp,9327413051,Jeong,,Indonesia
439,Arnaldo,Freed,Male,afreedc6@elpais.com,7838901342,Cidikit Girang,,Indonesia
440,Jacky,Lago,Male,jlagoc7@bbc.co.uk,4383639184,Santa Cruz,,Philippines
441,Charmaine,Lewendon,Female,clewendonc8@businessweek.com,4653492317,Parravak’ar,,Armenia
442,Eb,Karby,Male,ekarbyc9@booking.com,8849137802,Sangmu,,China
443,Damon,de'-Ancy Willis,Male,ddeancywillisca@adobe.com,3995475933,Bal Chirāgh,,Afghanistan
444,Danika,Minster,Female,dminstercb@mysql.com,6789700712,Artsvanist,,Armenia
445,Kaye,Maggorini,Female,kmaggorinicc@wsj.com,1716297062,Oncativo,,Argentina
446,Odessa,Mawhinney,Female,omawhinneycd@ebay.co.uk,6628139047,Vondrozo,,Madagascar
447,Marlon,Le Moucheux,Male,mlemoucheuxce@topsy.com,4252368659,Manique de Baixo,Lisboa,Portugal
448,Janka,Hardware,Female,jhardwarecf@buzzfeed.com,8377679530,Legaspi,,Philippines
449,Max,Catford,Female,mcatfordcg@archive.org,4402223889,El Carmen,,Colombia
450,Peterus,Meecher,Male,pmeecherch@psu.edu,2951686752,Vigo,,Philippines
451,Petronilla,Bratty,Female,pbrattyci@diigo.com,9158949882,Kittilä,,Finland
452,Jenni,Kitman,Female,jkitmancj@mlb.com,5922490344,Mendefera,,Eritrea
453,Padraic,Srawley,Male,psrawleyck@weather.com,9276460502,Limbangan,,Indonesia
454,Maddy,Littleproud,Male,mlittleproudcl@princeton.edu,7408734199,Hostěradice,,Czech Republic
455,Shamus,Caughey,Male,scaugheycm@go.com,2886483740,Wantan,,China
456,Guss,Johanchon,Male,gjohanchoncn@jiathis.com,4075685813,Cabreúva,,Brazil
457,Lemar,Rathbourne,Male,lrathbourneco@t-online.de,8356446042,Huangbao,,China
458,Roxana,Peret,Female,rperetcp@google.com.br,3128234550,Karney Shomron,,Palestinian Territory
459,Stu,Dyster,Male,sdystercq@ft.com,6806152013,Lixin,,China
460,Marchall,O' Timony,Male,motimonycr@joomla.org,7394557421,Bangangté,,Cameroon
461,Kylila,Dooler,Female,kdoolercs@dailymotion.com,7154838389,Sumber,,Indonesia
462,Trev,Brymham,Male,tbrymhamct@xrea.com,1762529753,Cimanggu,,Indonesia
463,Abagael,Boulter,Female,aboultercu@chronoengine.com,9583131065,Vazante,,Brazil
464,Gilligan,Shilburne,Female,gshilburnecv@t-online.de,2264953262,Kolomyya,,Ukraine
465,Leticia,Semarke,Female,lsemarkecw@amazon.co.uk,6777373049,Solnechnyy,,Russia
466,Myranda,Benge,Female,mbengecx@domainmarket.com,2912539522,Wonorejo,,Indonesia
467,Gail,Grieswood,Male,ggrieswoodcy@youku.com,3154348904,Sulechów,,Poland
468,Keene,Kidson,Male,kkidsoncz@acquirethisname.com,6914153462,Vale de Figueira,Viseu,Portugal
469,Coralyn,Elfleet,Female,celfleetd0@elpais.com,7157550182,Ngou,,Cameroon
470,Dolley,Civitillo,Female,dcivitillod1@123-reg.co.uk,9277437079,Solânea,,Brazil
471,Mercedes,Benoy,Female,mbenoyd2@plala.or.jp,6894095636,Thị Trấn Ngan Dừa,,Vietnam
472,Carry,Pengelly,Female,cpengellyd3@wsj.com,5311897877,Bang Krathum,,Thailand
473,Guido,Bonallack,Male,gbonallackd4@vimeo.com,8958196993,Ilinden,,Macedonia
474,Stanislas,Cruden,Male,scrudend5@artisteer.com,3144886163,Markivka,,Ukraine
475,Melvin,Napthine,Male,mnapthined6@skype.com,9705526582,Karipidita,,Indonesia
476,Jamie,Leftbridge,Female,jleftbridged7@fc2.com,6984523738,Quatro Barras,,Brazil
477,Trumann,Buckleigh,Male,tbuckleighd8@1688.com,8416972410,Souflí,,Greece
478,Germain,Saffell,Male,gsaffelld9@goo.gl,8654506169,Medianeira,,Brazil
479,Conrade,Bettinson,Male,cbettinsonda@sitemeter.com,5611696500,Banī Khallād,,Tunisia
480,Charin,Rylands,Female,crylandsdb@un.org,2702527652,Sîr ed Danniyé,,Lebanon
481,Marlin,Watkiss,Male,mwatkissdc@biblegateway.com,5547103739,Zouiat ech Cheïkh,,Morocco
482,Kenny,Gilchriest,Male,kgilchriestdd@mapy.cz,3709931282,Chishan,,China
483,Gloriana,Ruckhard,Female,gruckhardde@unesco.org,8445114520,Vänersborg,Västra Götaland,Sweden
484,Thaxter,Edrich,Male,tedrichdf@delicious.com,8952359814,Datong,,China
485,Sandie,Losebie,Female,slosebiedg@walmart.com,7093740041,Zhixia,,China
486,Dory,Koeppke,Female,dkoeppkedh@cnet.com,1507080911,Krajan Waturoyo,,Indonesia
487,Morten,Maynell,Male,mmaynelldi@ed.gov,6977179255,Oefatu,,Indonesia
488,Westbrooke,Mulbry,Male,wmulbrydj@vinaora.com,1671571943,Pruzhany,,Belarus
489,Neale,Joselevitch,Male,njoselevitchdk@altervista.org,7859455345,Topeka,Kansas,United States
490,Hope,Androck,Female,handrockdl@examiner.com,5967682065,Huixing,,China
491,Fayre,Gallen,Female,fgallendm@bloglines.com,7999531742,Yantan,,China
492,Wildon,McCloughen,Male,wmccloughendn@usda.gov,3578007999,Wąpielsk,,Poland
493,Gaby,Rivlin,Female,grivlindo@shop-pro.jp,3752159572,Panawuan,,Indonesia
494,Roslyn,Buckthought,Female,rbuckthoughtdp@xing.com,3786923871,Tokorozawa,,Japan
495,Thebault,Dominik,Male,tdominikdq@tiny.cc,4174053475,Capivari,,Brazil
496,Dallon,Sigward,Male,dsigwarddr@blogtalkradio.com,2321455602,Lilongwe,,Malawi
497,Ulysses,Huddart,Male,uhuddartds@alibaba.com,8308816904,Niverville,Manitoba,Canada
498,Claus,Pechold,Male,cpecholddt@ft.com,5626821701,Budrus,,Palestinian Territory
499,Loleta,Elce,Female,lelcedu@gizmodo.com,1864403401,Tarlac City,,Philippines
500,Ezri,Quade,Male,equadedv@stanford.edu,7924060286,Timezgana,,Morocco
501,Sargent,Sparshatt,Male,ssparshattdw@bloomberg.com,5312180517,Tolosa,,Philippines
502,Matthieu,Finkle,Male,mfinkledx@ycombinator.com,4328568253,Lanús,,Argentina
503,Rosco,Schottli,Male,rschottlidy@topsy.com,5569927017,Saguiaran,,Philippines
504,Reider,Vasenkov,Male,rvasenkovdz@cbsnews.com,4249722330,Solna,Stockholm,Sweden
505,Pierson,Stonham,Male,pstonhame0@ustream.tv,3839391393,Obas,,Peru
506,Lawrence,Randal,Male,lrandale1@constantcontact.com,4403859330,Shatoujiao,,China
507,Hi,Wigfield,Male,hwigfielde2@adobe.com,9098378759,Luzern,Kanton Luzern,Switzerland
508,Brittaney,Chillcot,Female,bchillcote3@google.it,1019347926,Yanfolila,,Mali
509,Jobi,Fronczak,Female,jfronczake4@about.com,4217216165,Siumate,,Indonesia
510,Helaine,Peres,Female,hperese5@senate.gov,4625890904,Sakaraha,,Madagascar
511,Dorena,Pell,Female,dpelle6@paginegialle.it,1825971887,Divača,,Slovenia
512,Verla,Loyd,Female,vloyde7@accuweather.com,9924078030,Serzedelo,Braga,Portugal
513,Rollin,Downe,Male,rdownee8@mozilla.com,9523603940,Postupice,,Czech Republic
514,Riane,Kirk,Female,rkirke9@freewebs.com,8379928437,Eydhafushi,,Maldives
515,Devlen,Gittens,Male,dgittensea@fema.gov,5577937895,Xiuyu,,China
516,Clemens,Bragger,Male,cbraggereb@nydailynews.com,9956795717,Voskhod,,Ukraine
517,Brandie,Bobasch,Female,bbobaschec@addthis.com,8435387411,Khudāydād Khēl,,Afghanistan
518,Chere,Yuryaev,Female,cyuryaeved@eventbrite.com,4948249189,Tubajon,,Philippines
519,Conway,Morffew,Male,cmorffewee@github.io,3616954470,Trindade,,Brazil
520,Johannah,Cisec,Female,jcisecef@goo.ne.jp,2989606392,Bogoroditsk,,Russia
521,Alyss,McGrotty,Female,amcgrottyeg@about.me,7951210907,Stepove,,Ukraine
522,Daveen,Ferrar,Female,dferrareh@yahoo.com,1405986087,Parikkala,,Finland
523,Antin,Lambrechts,Male,alambrechtsei@chron.com,7228296296,Mmaaf,,Indonesia
524,Tina,Beebis,Female,tbeebisej@drupal.org,7766135248,Puerto Guzmán,,Colombia
525,Regina,Mcwhinnie,Female,rmcwhinnieek@foxnews.com,2816651741,Mierzęcice,,Poland
526,Dion,Tuff,Male,dtuffel@addtoany.com,1828793959,Honglin,,China
527,Alvin,Geach,Male,ageachem@home.pl,7896577193,La Palma,,Panama
528,Alva,Blazdell,Male,ablazdellen@ibm.com,5097215002,Cijengkol,,Indonesia
529,Isabelle,Layfield,Female,ilayfieldeo@youku.com,2791984025,Łomianki,,Poland
530,Bendick,McNeilley,Male,bmcneilleyep@cocolog-nifty.com,6593779321,Flen,Södermanland,Sweden
531,Berk,Fairweather,Male,bfairweathereq@over-blog.com,5837665476,Bulualto,,Philippines
532,Michel,Coombs,Female,mcoombser@elpais.com,3676402334,Waitun,,China
533,Flemming,Papis,Male,fpapises@shareasale.com,9728494401,Mataloko,,Indonesia
534,Padgett,Bruntje,Male,pbruntjeet@weather.com,7004629910,Providencia,,Peru
535,Walden,Rumbellow,Male,wrumbelloweu@cloudflare.com,7889656071,Cicuco,,Colombia
536,Leesa,Greenwell,Female,lgreenwellev@hugedomains.com,2457301444,Loshnitsa,,Belarus
537,Virginia,Wimpenny,Female,vwimpennyew@wiley.com,5981133641,Chengguan,,China
538,Kinny,Levane,Male,klevaneex@dion.ne.jp,4345525890,Baghlān,,Afghanistan
539,Lethia,Pacitti,Female,lpacittiey@auda.org.au,8017861861,Jhingergācha,,Bangladesh
540,Theadora,Sterland,Female,tsterlandez@1und1.de,5226182924,Maulawin,,Philippines
541,Perkin,Cham,Male,pchamf0@ezinearticles.com,2838496279,Nanqiao,,China
542,Terence,Satyford,Male,tsatyfordf1@multiply.com,9313433092,Kasiyan,,Indonesia
543,Luigi,Fantham,Male,lfanthamf2@gravatar.com,4854361656,Provins,Île-de-France,France
544,Toby,Wendover,Male,twendoverf3@nps.gov,9661154540,Cambridge,,Jamaica
545,Courtney,Rotte,Female,crottef4@google.com,2445870108,Hongsipu,,China
546,Winslow,Wipper,Male,wwipperf5@hugedomains.com,5082658395,Pahonjean,,Indonesia
547,Devora,Springham,Female,dspringhamf6@chicagotribune.com,9835842072,Málaga,,Colombia
548,Scarlet,Stolle,Female,sstollef7@hexun.com,6456417831,Huayuan,,China
549,Paolo,Wyllie,Male,pwyllief8@free.fr,4513664609,Yunmen,,China
550,Calypso,Adcocks,Female,cadcocksf9@artisteer.com,2837902768,Pulau Pinang,Pulau Pinang,Malaysia
551,Connor,Lippiello,Male,clippiellofa@friendfeed.com,4126934431,Umpak,,Indonesia
552,Con,Sebborn,Female,csebbornfb@1688.com,8306557432,Pinghu,,China
553,Tobias,Meekings,Male,tmeekingsfc@weebly.com,2538914795,Novosil’,,Russia
554,Read,Jannings,Male,rjanningsfd@toplist.cz,3138092990,Kola,,Russia
555,Jen,Thornhill,Female,jthornhillfe@smugmug.com,1744149154,Delong,,China
556,Haroun,Binley,Male,hbinleyff@wired.com,1064416428,Bentiu,,South Sudan
557,Cleopatra,Spurrier,Female,cspurrierfg@washingtonpost.com,9871356337,Canturay,,Philippines
558,Tillie,Okell,Female,tokellfh@ca.gov,6952446208,Kōriyama,,Japan
559,Rani,Quinnell,Female,rquinnellfi@ning.com,6443927955,Formiga,,Brazil
560,Chane,Seale,Male,csealefj@forbes.com,6161224329,Lais,,Philippines
561,Nikoletta,Philipson,Female,nphilipsonfk@telegraph.co.uk,6834962223,Cha-am,,Thailand
562,Sharl,Chapellow,Female,schapellowfl@squidoo.com,8763144715,Nueva Guinea,,Nicaragua
563,Arnoldo,Delmonti,Male,adelmontifm@npr.org,4491705506,Hrvatska Kostajnica,,Croatia
564,Del,Gisburn,Male,dgisburnfn@wikispaces.com,8445248321,Palenggihan,,Indonesia
565,Godfrey,Harpur,Male,gharpurfo@people.com.cn,8277712673,Bato,,Philippines
566,Nobe,Bynold,Male,nbynoldfp@cargocollective.com,5592539219,Chambéry,Rhône-Alpes,France
567,Annelise,Cortin,Female,acortinfq@ask.com,3151507719,Mallow,,Ireland
568,Addison,Blackborne,Male,ablackbornefr@slideshare.net,4317938073,Saposoa,,Peru
569,Alejandro,Ullett,Male,aullettfs@umn.edu,2025657647,Washington,District of Columbia,United States
570,Tadio,Brahms,Male,tbrahmsft@webeden.co.uk,5357931469,Xinqiao,,China
571,Quint,Hayles,Male,qhaylesfu@people.com.cn,8549612738,Shchëkino,,Russia
572,Valenka,Clapston,Female,vclapstonfv@printfriendly.com,4956892311,Tengah,,Indonesia
573,Lorine,Courson,Female,lcoursonfw@woothemes.com,1025472082,Tzaneen,,South Africa
574,Gasparo,Bennett,Male,gbennettfx@wired.com,6767780635,Laoxialu,,China
575,Ricki,Stockwell,Male,rstockwellfy@bluehost.com,5206672261,Tucson,Arizona,United States
576,Tedra,Gierek,Female,tgierekfz@seattletimes.com,3332295735,Ulster Spring,,Jamaica
577,Anya,Frostdick,Female,afrostdickg0@dell.com,4278202388,Garbów,,Poland
578,Marcos,Gasgarth,Male,mgasgarthg1@discovery.com,5347968805,Nynäshamn,Stockholm,Sweden
579,Malachi,Gasnell,Male,mgasnellg2@wordpress.com,6269041510,Mayantoc,,Philippines
580,Odey,O'Lennachain,Male,oolennachaing3@google.es,3429498009,Drakhtik,,Armenia
581,Joelie,Birkmyre,Female,jbirkmyreg4@usa.gov,3402933270,Tignoan,,Philippines
582,Mavra,Macieja,Female,mmaciejag5@telegraph.co.uk,6016279628,Sabana Grande,,Venezuela
583,Maressa,Lande,Female,mlandeg6@stanford.edu,7889861553,Ngedhubasa,,Indonesia
584,Lexie,Stork,Female,lstorkg7@flickr.com,1041609765,Bāglung,,Nepal
585,Ingrim,Skelhorn,Male,iskelhorng8@wisc.edu,5128343382,Estância,,Brazil
586,Tiebout,Scrowby,Male,tscrowbyg9@slashdot.org,6881886536,Guadalupe,,Costa Rica
587,Gideon,Anderbrugge,Male,ganderbruggega@blogtalkradio.com,4806246086,Chile Chico,,Chile
588,Fanny,Skillitt,Female,fskillittgb@technorati.com,5079559917,Minato,,Japan
589,Noland,O'Grada,Male,nogradagc@oaic.gov.au,6935521594,Kitale,,Kenya
590,Weider,Macconaghy,Male,wmacconaghygd@ehow.com,6575719151,Tall aḑ Ḑamān,,Syria
591,Cchaddie,Roy,Male,croyge@dedecms.com,4914556903,Adtugan,,Philippines
592,Darrelle,Kubasek,Female,dkubasekgf@skype.com,1981694281,Balayan,,Philippines
593,Nicolle,Larby,Female,nlarbygg@furl.net,2718919168,Hwange,,Zimbabwe
594,Ayn,Aronstam,Female,aaronstamgh@comsenz.com,1547912556,Sewon,,Indonesia
595,Jorge,Seater,Male,jseatergi@shutterfly.com,6161935070,Porangaba,,Brazil
596,Feliks,Febre,Male,ffebregj@free.fr,7463549789,Central,,Hong Kong
597,Bel,Cutbush,Female,bcutbushgk@wsj.com,1387108306,Ágios Matthaíos,,Greece
598,Kyle,Gallen,Male,kgallengl@shop-pro.jp,7618123961,Sablé-sur-Sarthe,Pays de la Loire,France
599,Minne,Corain,Female,mcoraingm@hubpages.com,7096744790,Krajan Kulon,,Indonesia
600,Letta,Dobinson,Female,ldobinsongn@auda.org.au,1734800972,Dniprovka,,Ukraine
601,Nariko,Syversen,Female,nsyversengo@twitter.com,7609433636,Blažovice,,Czech Republic
602,Aurthur,Paunsford,Male,apaunsfordgp@wikipedia.org,9593611289,Jedlina-Zdrój,,Poland
603,Tandy,Lymbourne,Female,tlymbournegq@photobucket.com,5104341300,Stenungsund,Västra Götaland,Sweden
604,Robers,Shillabear,Male,rshillabeargr@reuters.com,9799907080,Yauca,,Peru
605,Elita,Schulke,Female,eschulkegs@yelp.com,7614540877,Tinambacan,,Philippines
606,Reube,Wallentin,Male,rwallentingt@biblegateway.com,8612228132,Nkwerre,,Nigeria
607,Ramsey,Prandin,Male,rprandingu@mozilla.com,1772124045,Tafí del Valle,,Argentina
608,Fernande,Sive,Female,fsivegv@phpbb.com,6654216345,West End,British Columbia,Canada
609,Romonda,O'Fogerty,Female,rofogertygw@linkedin.com,2429565493,Luocun,,China
610,Gayel,Ablett,Female,gablettgx@alibaba.com,9279154938,El Bagre,,Colombia
611,Elisabeth,McGarrity,Female,emcgarritygy@artisteer.com,9195074575,Hankha,,Thailand
612,Dell,Ronaldson,Female,dronaldsongz@lycos.com,7954348741,Mafang,,China
613,Jodie,Scouller,Female,jscoullerh0@dedecms.com,4314016399,Nowy Sącz,,Poland
614,Natty,Lowing,Male,nlowingh1@chicagotribune.com,3918576883,Bandungan Timur,,Indonesia
615,Devin,Skea,Male,dskeah2@nasa.gov,5547021592,Bangeran,,Indonesia
616,Sarajane,Cowland,Female,scowlandh3@foxnews.com,8004559522,Libertad,,Philippines
617,Margarethe,Jochen,Female,mjochenh4@t.co,9925951262,Bibiani,,Ghana
618,Glynis,Skillanders,Female,gskillandersh5@webnode.com,5932448544,Bondoufle,Île-de-France,France
619,Darya,Enefer,Female,deneferh6@opera.com,9453770965,Surat Thani,,Thailand
620,Roxine,Pendergrast,Female,rpendergrasth7@webnode.com,4765766648,Paurito,,Bolivia
621,Jerrylee,Sturr,Female,jsturrh8@google.it,4089236831,Curug,,Indonesia
622,Andrus,Shaxby,Male,ashaxbyh9@reddit.com,3456689941,Gamawa,,Nigeria
623,Carole,Belsham,Female,cbelshamha@eepurl.com,4796358158,Quintães,Braga,Portugal
624,Alikee,MacDuffie,Female,amacduffiehb@creativecommons.org,9818934366,Jinshan,,China
625,Alfreda,Scamadin,Female,ascamadinhc@dell.com,5867667779,Maribong,,Philippines
626,Hailee,Jersch,Female,hjerschhd@yellowpages.com,3046728208,Witbank,,South Africa
627,Bale,Kingcott,Male,bkingcotthe@ezinearticles.com,6865717372,Magong,,China
628,Falkner,Tivnan,Male,ftivnanhf@marriott.com,8537014396,Kimakamak,,Indonesia
629,Josie,Grills,Female,jgrillshg@wired.com,6407248771,Mangli,,Indonesia
630,Allayne,Doyley,Male,adoyleyhh@webmd.com,7203504933,Mrganush,,Armenia
631,Orv,Fobidge,Male,ofobidgehi@gov.uk,6225853668,Tatarbunary,,Ukraine
632,Leupold,Candelin,Male,lcandelinhj@163.com,9874596622,Qidu,,China
633,Berne,Van Hault,Male,bvanhaulthk@ocn.ne.jp,4832551202,Vera Cruz,,Brazil
634,Booth,Suggate,Male,bsuggatehl@163.com,8492030487,Yuncheng,,China
635,Michelle,Brandin,Female,mbrandinhm@google.com.br,4296496432,Ropcha,,Ukraine
636,Dolores,Medhurst,Female,dmedhursthn@mail.ru,4274198371,Harar,,Ethiopia
637,Cami,Sainer,Female,csainerho@ucla.edu,9091901169,Zeguo,,China
638,Eugenia,MacAnulty,Female,emacanultyhp@ow.ly,8515641154,Koutsopódi,,Greece
639,Glendon,Blasl,Male,gblaslhq@discovery.com,3458530849,Barbacena,,Brazil
640,Ophelia,Duddy,Female,oduddyhr@princeton.edu,3351512437,Panjiang,,China
641,Tim,Greenland,Female,tgreenlandhs@cloudflare.com,3376022887,Arruda dos Vinhos,Lisboa,Portugal
642,Dorolisa,Rawstorne,Female,drawstorneht@jalbum.net,3575093532,General Luna,,Philippines
643,Ginger,Botfield,Female,gbotfieldhu@ucoz.ru,6059431938,Jiangnan,,China
644,Nikolaos,Bollans,Male,nbollanshv@hp.com,8733833521,Damietta,,Egypt
645,Kaine,McGuffie,Male,kmcguffiehw@marketwatch.com,4779594726,Gaplokan,,Indonesia
646,Wells,Wogan,Male,wwoganhx@etsy.com,5081863139,Chunghwa,,North Korea
647,Dionisio,Remer,Male,dremerhy@census.gov,7689741231,Carolina,,Brazil
648,Lotte,McCallam,Female,lmccallamhz@google.es,6348597321,Oematnunu,,Indonesia
649,Mag,Whitter,Female,mwhitteri0@msn.com,4998380239,Särkisalo,,Finland
650,Benny,Coggan,Male,bcoggani1@ftc.gov,5839433791,Zhaike,,China
651,Lazarus,Scading,Male,lscadingi2@php.net,7883611734,Beirut,,Lebanon
652,Jordan,Bjorkan,Male,jbjorkani3@europa.eu,3251996244,Pasanggrahan,,Indonesia
653,Diandra,Mochar,Female,dmochari4@friendfeed.com,4785520108,Jerez,,Guatemala
654,Glynnis,Eilhersen,Female,geilherseni5@google.de,9844063853,Trajouce,Lisboa,Portugal
655,Dell,Sherratt,Female,dsherratti6@geocities.com,7858716172,Serov,,Russia
656,Aubrette,Grindell,Female,agrindelli7@wufoo.com,5014517955,Famatina,,Argentina
657,Lonna,Ashley,Female,lashleyi8@slashdot.org,5028791113,Capacho Nuevo,,Venezuela
658,Merrili,Steketee,Female,msteketeei9@state.gov,6165317805,Ashibetsu,,Japan
659,Sydelle,Kirkpatrick,Female,skirkpatrickia@amazonaws.com,4781799342,Miānwāli,,Pakistan
660,Doe,Lant,Female,dlantib@craigslist.org,8467780522,São Carlos,,Brazil
661,Anthony,Potbury,Male,apotburyic@state.tx.us,8657552104,Yongfu,,China
662,Taddeo,MacCathay,Male,tmaccathayid@wufoo.com,1369965325,Wawer,,Poland
663,Dimitry,Fylan,Male,dfylanie@miibeian.gov.cn,3009560044,Luoyang,,China
664,Niko,O'Glassane,Male,noglassaneif@hostgator.com,7291535284,São Tomé,Porto,Portugal
665,Claybourne,Weekly,Male,cweeklyig@is.gd,7735738646,Pivka,,Slovenia
666,Slade,Leynham,Male,sleynhamih@prnewswire.com,1742147590,Tohong,,Indonesia
667,Winslow,Elks,Male,welksii@usgs.gov,1793496729,Patpata Segundo,,Philippines
668,Manuel,Gutcher,Male,mgutcherij@comcast.net,9259188888,Kerek,,Indonesia
669,Audre,Ladley,Female,aladleyik@cargocollective.com,9899319721,Saginaw,Michigan,United States
670,Banky,Myall,Male,bmyallil@ox.ac.uk,7537273540,Tsiombe,,Madagascar
671,Sella,Bettinson,Female,sbettinsonim@eepurl.com,3812721633,Caballococha,,Peru
672,Whitman,Pregel,Male,wpregelin@baidu.com,6899407852,Manukau City,,New Zealand
673,Morgan,Duferie,Female,mduferieio@angelfire.com,8877298430,Maruoka,,Japan
674,Barri,Rosenqvist,Male,brosenqvistip@techcrunch.com,1977605375,Baloc,,Philippines
675,Wrennie,Questier,Female,wquestieriq@tinypic.com,6268594420,Porto Feliz,,Brazil
676,Roby,Coursor,Female,rcoursorir@cornell.edu,4125691123,Nanggela,,Indonesia
677,Robers,Wise,Male,rwiseis@yellowpages.com,4886568262,La Viña,,Argentina
678,Sylas,Blazek,Male,sblazekit@hexun.com,5716125215,Cotaparaco,,Peru
679,Vinita,O'Logan,Female,vologaniu@e-recht24.de,2782139875,Gaotaizi,,China
680,Fanchon,Shackleton,Female,fshackletoniv@marketwatch.com,9639090734,El Crucero,,Nicaragua
681,Xaviera,Cornils,Female,xcornilsiw@mtv.com,4419248332,Oemofa,,Indonesia
682,Pandora,McDougal,Female,pmcdougalix@dagondesign.com,2452416953,La Paz,,Argentina
683,Jewel,Alves,Female,jalvesiy@cargocollective.com,2299016730,Novyy Svit,,Ukraine
684,Marybelle,Downey,Female,mdowneyiz@moonfruit.com,2555783554,Partido,,Dominican Republic
685,Borden,Nicholes,Male,bnicholesj0@paypal.com,9957099636,Balkh,,Afghanistan
686,Cheslie,Randales,Female,crandalesj1@gnu.org,5566699441,Karangan,,Indonesia
687,Dari,Rudd,Female,druddj2@istockphoto.com,2282421477,Magsaysay,,Philippines
688,Allen,Widdall,Male,awiddallj3@people.com.cn,7871152305,Concepción de la Barranca,,Honduras
689,Emerson,Fiorentino,Male,efiorentinoj4@example.com,4534229625,Verkhniy Yasenov,,Ukraine
690,Normand,Wandrach,Male,nwandrachj5@bizjournals.com,1131628493,Tangerang,,Indonesia
691,Lion,Geockle,Male,lgeocklej6@moonfruit.com,8575102629,Länsi-Turunmaa,,Finland
692,Cindee,Rosindill,Female,crosindillj7@seesaa.net,2676911205,Lonya Chico,,Peru
693,Yolane,Bloy,Female,ybloyj8@sbwire.com,3237615832,Paris 12,Île-de-France,France
694,Pierson,McIndrew,Male,pmcindrewj9@hubpages.com,4995644733,Martyush,,Russia
695,Washington,Deverall,Male,wdeverallja@craigslist.org,1844210231,Lopatinskiy,,Russia
696,Pete,Menzies,Male,pmenziesjb@bigcartel.com,8525309166,Złotoryja,,Poland
697,Tirrell,Durbin,Male,tdurbinjc@scientificamerican.com,9809085320,Zhongxing,,China
698,Anabelle,Girton,Female,agirtonjd@angelfire.com,2177349510,Antanhol,Coimbra,Portugal
699,Brittne,Slay,Female,bslayje@gizmodo.com,2701644415,Nankun,,China
700,Sherie,Lewtey,Female,slewteyjf@ftc.gov,2754155754,Dumingag,,Philippines
701,Nappie,Boase,Male,nboasejg@nationalgeographic.com,1277755933,Marseille,Provence-Alpes-Côte d'Azur,France
702,Adrian,Duggon,Female,aduggonjh@forbes.com,5018663358,Shahe,,China
703,Bondon,Emmott,Male,bemmottji@com.com,8226624000,Xiashihao,,China
704,Morey,Silversmid,Male,msilversmidjj@sbwire.com,1178731841,Karuk,,Indonesia
705,Brod,Larose,Male,blarosejk@meetup.com,8966803458,Francisco Morato,,Brazil
706,Van,Newcomb,Male,vnewcombjl@answers.com,2986203345,Martigues,Provence-Alpes-Côte d'Azur,France
707,Cheri,Celes,Female,ccelesjm@nature.com,3258031717,Wellington,,New Zealand
708,Edik,Darrel,Male,edarreljn@wordpress.org,3015762522,Jingshan,,China
709,Karine,Crate,Female,kcratejo@yolasite.com,2937973966,Dukla,,Poland
710,Pryce,Lebbon,Male,plebbonjp@merriam-webster.com,6741756886,San Fernando del Valle de Catamarca,,Argentina
711,Marlo,Leavry,Male,mleavryjq@addtoany.com,3738980658,Middelburg,,South Africa
712,Dusty,Rosengarten,Female,drosengartenjr@ucla.edu,8413944413,Lyubech,,Ukraine
713,Engracia,Bredbury,Female,ebredburyjs@unesco.org,4013302626,Fangyan,,China
714,Odella,Apthorpe,Female,oapthorpejt@who.int,5745171739,Wichit,,Thailand
715,Urbano,Rames,Male,uramesju@examiner.com,6173768373,Moryń,,Poland
716,Melessa,Attack,Female,mattackjv@baidu.com,9564964297,Sindangsari,,Indonesia
717,Sissy,Dongate,Female,sdongatejw@clickbank.net,2373848654,Banyuurip,,Indonesia
718,Else,Diack,Female,ediackjx@t-online.de,6372432852,Obertyn,,Ukraine
719,Skipton,Turpie,Male,sturpiejy@cdc.gov,4749552198,Yanahuaya,,Peru
720,Marleen,Golton,Female,mgoltonjz@wikipedia.org,7373127190,Borzęta,,Poland
721,Freedman,Culverhouse,Male,fculverhousek0@princeton.edu,5179193978,Zhabagly,,Kazakhstan
722,Valeria,Matthews,Female,vmatthewsk1@huffingtonpost.com,1115603792,Huanchaco,,Peru
723,Eva,Schild,Female,eschildk2@list-manage.com,2027238178,Washington,District of Columbia,United States
724,Fielding,McQuarrie,Male,fmcquarriek3@nbcnews.com,2296058556,Cacocum,,Cuba
725,Derward,Rigler,Male,driglerk4@java.com,1007839207,Poyang,,China
726,Cassius,Ruprich,Male,cruprichk5@livejournal.com,7317702893,Emiliano Zapata,Morelos,Mexico
727,Kerri,Pettus,Female,kpettusk6@boston.com,1539551058,Xijiang,,China
728,De,Harvard,Female,dharvardk7@delicious.com,2823074501,Meiyao,,China
729,Alexa,Skudder,Female,askudderk8@yahoo.com,2277795105,Kopidlno,,Czech Republic
730,Enos,Bidder,Male,ebidderk9@bloglovin.com,4552555139,Émpa,,Cyprus
731,Clemens,Abels,Male,cabelska@independent.co.uk,9563880640,Teminabuan,,Indonesia
732,Shawna,Lapwood,Female,slapwoodkb@aboutads.info,2905128758,Pueblo Nuevo,,Peru
733,Jillian,Fawdrie,Female,jfawdriekc@pbs.org,1955895342,Mata-Utu,,Wallis and Futuna
734,Kain,Johnes,Male,kjohneskd@hibu.com,2193428070,Tazouta,,Morocco
735,Kayla,Sproson,Female,ksprosonke@businessinsider.com,4561792316,Ḩalabjah,,Iraq
736,Kessia,Kegan,Female,kkegankf@kickstarter.com,6751278787,Las Heras,,Argentina
737,Wallas,Leon,Male,wleonkg@hp.com,4203248422,Xinzhou,,China
738,Paulina,Billiard,Female,pbilliardkh@intel.com,1812653090,Anávra,,Greece
739,Diana,Veazey,Female,dveazeyki@engadget.com,2096234241,Garden Grove,California,United States
740,Wildon,Gerson,Male,wgersonkj@webnode.com,9306348830,Karangnunggal,,Indonesia
741,Dale,Klousner,Male,dklousnerkk@wp.com,5206190288,Tucson,Arizona,United States
742,Uriah,Puddin,Male,upuddinkl@simplemachines.org,1007391944,Karangampel,,Indonesia
743,Kira,Spencer,Female,kspencerkm@walmart.com,2081754791,Zagnitkiv,,Ukraine
744,Devonna,Sibbson,Female,dsibbsonkn@histats.com,9364522157,Akzhal,,Kazakhstan
745,Desdemona,Garred,Female,dgarredko@etsy.com,2843895116,Lohong,,Indonesia
746,Bev,Gerauld,Male,bgerauldkp@lulu.com,5215443693,General Pico,,Argentina
747,Anet,Goforth,Female,agoforthkq@e-recht24.de,1818614325,Dofa,,Indonesia
748,Corrie,Standbridge,Male,cstandbridgekr@unc.edu,7825295805,Krajan Jamprong,,Indonesia
749,Sam,Ravens,Male,sravensks@washingtonpost.com,8447383771,Boaco,,Nicaragua
750,Nap,Cavy,Male,ncavykt@google.it,9585110358,Pontevedra,Galicia,Spain
751,Elinor,Patty,Female,epattyku@berkeley.edu,8808721197,Kallinge,Blekinge,Sweden
752,Marci,Grandham,Female,mgrandhamkv@sourceforge.net,3725170317,Bukuru,,Nigeria
753,Carolin,Martland,Female,cmartlandkw@weebly.com,9981618480,Malekān,,Iran
754,Saxon,Bartelot,Male,sbartelotkx@google.co.uk,6952694410,Artemisa,,Cuba
755,Latia,Noddle,Female,lnoddleky@yale.edu,3622365791,Yokotemachi,,Japan
756,Audre,Court,Female,acourtkz@163.com,1261687961,Lavadorinhos,Porto,Portugal
757,Kelly,Costock,Male,kcostockl0@blogspot.com,9718548188,Komsomol’sk,,Russia
758,Stefania,Reye,Female,sreyel1@hexun.com,7969021158,Glasgow,Scotland,United Kingdom
759,Haroun,Langcastle,Male,hlangcastlel2@springer.com,5043139565,Yaroslavskiy,,Russia
760,Hillier,Fessler,Male,hfesslerl3@time.com,9808003994,Chaihu,,China
761,Marylinda,Betteriss,Female,mbetterissl4@businessinsider.com,7794617624,Laventure,,Mauritius
762,Hilary,Mahmood,Male,hmahmoodl5@prnewswire.com,7454484994,Purranque,,Chile
763,Wendell,Weare,Male,wwearel6@globo.com,5167360395,Tadine,,New Caledonia
764,Wash,Atkin,Male,watkinl7@ucsd.edu,6051994226,Pontal,,Brazil
765,Sergeant,Seakings,Male,sseakingsl8@theguardian.com,5033898499,Yanshang,,China
766,Salmon,Kirrage,Male,skirragel9@netlog.com,1865874110,Madamba,,Philippines
767,Granger,Gheerhaert,Male,ggheerhaertla@rediff.com,7817392138,Balboa,,Colombia
768,Desirae,Yendle,Female,dyendlelb@bloglovin.com,8953344708,Krzęcin,,Poland
769,Ardelia,deKnevet,Female,adeknevetlc@mapy.cz,1668136302,Turze Pole,,Poland
770,Hailee,Pundy,Female,hpundyld@joomla.org,2445189584,Twardogóra,,Poland
771,Clemmie,Biesty,Male,cbiestyle@mit.edu,4891458808,Wakefield,,Jamaica
772,Jeremias,Toon,Male,jtoonlf@oracle.com,1477776707,Mengxi,,China
773,Ivar,Mennear,Male,imennearlg@theguardian.com,5318165189,Yanjiang,,China
774,Lloyd,Ballentime,Male,lballentimelh@ihg.com,4539907909,Erhaodi,,China
775,Warren,Cotesford,Male,wcotesfordli@plala.or.jp,2344690076,San Ricardo,,Philippines
776,Normie,McReedy,Male,nmcreedylj@cocolog-nifty.com,9462386106,Malkā,,Jordan
777,Armstrong,Praundlin,Male,apraundlinlk@shutterfly.com,9036413648,Wang’er,,China
778,Dorolisa,Lifton,Female,dliftonll@salon.com,1362589556,Pakel,,Indonesia
779,Kenny,Maevela,Male,kmaevelalm@myspace.com,3503692509,Sidomulyo,,Indonesia
780,Pierce,Lorenz,Male,plorenzln@nsw.gov.au,6786924143,Reriz,Viseu,Portugal
781,Jaquelyn,Penbarthy,Female,jpenbarthylo@statcounter.com,5827404527,Hualingang,,China
782,Penelopa,Duker,Female,pdukerlp@networksolutions.com,5052216373,Znamenka,,Russia
783,Filippo,Bariball,Male,fbariballlq@google.pl,6193919419,L'viv,,Ukraine
784,Alix,Oldershaw,Female,aoldershawlr@sourceforge.net,7517985588,Xiaosong,,China
785,Iosep,Delacroux,Male,idelacrouxls@edublogs.org,5165462533,Hicksville,New York,United States
786,Marita,Ibel,Female,mibellt@latimes.com,3742040947,Suez,,Egypt
787,Junina,Lis,Female,jlislu@themeforest.net,8462272422,Tarnowskie Góry,,Poland
788,Shannen,Ferrero,Female,sferrerolv@vimeo.com,9351836804,Cimalati,,Indonesia
789,Elisha,Hasley,Female,ehasleylw@npr.org,7771659622,Radenka,,Serbia
790,Kettie,Lampens,Female,klampenslx@mtv.com,5553067881,Huichang,,China
791,Sada,Cutcliffe,Female,scutcliffely@washingtonpost.com,7935073254,Minusinsk,,Russia
792,Myrah,Canario,Female,mcanariolz@craigslist.org,5485325618,Malonty,,Czech Republic
793,Binni,Rewbottom,Female,brewbottomm0@github.com,9617579169,Abeokuta,,Nigeria
794,Mala,Cardenas,Female,mcardenasm1@fotki.com,6551167486,Sunduan,,China
795,Yevette,Harrow,Female,yharrowm2@ocn.ne.jp,7118828296,Bridel,,Luxembourg
796,Feliza,Guidetti,Female,fguidettim3@webnode.com,1997520470,Xiamao,,China
797,Pablo,Tallant,Male,ptallantm4@biblegateway.com,2102809815,Marintoc,,Philippines
798,Nolly,Stoller,Male,nstollerm5@hud.gov,2397204302,Guaíra,,Brazil
799,Damien,Binnie,Male,dbinniem6@senate.gov,3667791250,Al Ya‘rubīyah,,Syria
800,Rockey,Pepall,Male,rpepallm7@cdc.gov,2347767242,Qŭrghonteppa,,Tajikistan
801,Mame,Worthing,Female,mworthingm8@squidoo.com,1777611287,Rossosh’,,Russia
802,Conroy,Schutter,Male,cschutterm9@liveinternet.ru,2238409438,Arboga,Västmanland,Sweden
803,Leonid,Ghelarducci,Male,lghelarduccima@tinyurl.com,7817702623,Mirabel,Québec,Canada
804,Chancey,Cess,Male,ccessmb@kickstarter.com,4984405846,'s-Hertogenbosch,Provincie Noord-Brabant,Netherlands
805,Alfy,Scorah,Male,ascorahmc@sciencedaily.com,5116474569,Chandra,,Comoros
806,Rosemonde,Kurth,Female,rkurthmd@webmd.com,9358324318,Diamantino,,Brazil
807,Elliott,Abramcik,Male,eabramcikme@cdc.gov,6031569801,Chino,,Japan
808,Jules,Relph,Male,jrelphmf@linkedin.com,1796656306,San Miguel Chicaj,,Guatemala
809,Carol-jean,Lammin,Female,clamminmg@issuu.com,7533849902,Anren,,China
810,Noby,Chaundy,Male,nchaundymh@alibaba.com,7013013513,Järfälla,Stockholm,Sweden
811,Babara,Thwaites,Female,bthwaitesmi@weibo.com,2788980501,Rafaï,,Central African Republic
812,Dmitri,Bugby,Male,dbugbymj@ehow.com,6707418864,Karlskrona,Blekinge,Sweden
813,Clementius,Sirman,Male,csirmanmk@disqus.com,6257212280,Nankun,,China
814,Claudie,Hazlegrove,Female,chazlegroveml@t.co,3288975339,Nūbā,,Palestinian Territory
815,Harbert,Hunnisett,Male,hhunnisettmm@youtube.com,3944646307,Sanjō,,Japan
816,Hamish,Gimbrett,Male,hgimbrettmn@ucoz.com,4297917143,Caparrapí,,Colombia
817,Jocelin,Drohan,Female,jdrohanmo@pbs.org,8298105273,Warungtanjung,,Indonesia
818,Chas,Kunkler,Male,ckunklermp@ycombinator.com,2148489053,Dallas,Texas,United States
819,Georgy,Courtin,Male,gcourtinmq@wunderground.com,5236484335,Kibonsod,,Philippines
820,Blythe,Constant,Female,bconstantmr@icio.us,9505800903,Huolongmen,,China
821,Luisa,Pound,Female,lpoundms@yellowbook.com,2574141589,Cabaiguán,,Cuba
822,Lilllie,Stannis,Female,lstannismt@ihg.com,6851902301,Jiangkou,,China
823,Henka,Buckles,Female,hbucklesmu@sogou.com,7225596999,Trá Mhór,,Ireland
824,Phelia,Redholls,Female,predhollsmv@canalblog.com,2449239123,Paris 13,Île-de-France,France
825,Tallia,Crumby,Female,tcrumbymw@imgur.com,8961564050,Djibo,,Burkina Faso
826,Vittorio,Moberley,Male,vmoberleymx@gizmodo.com,4698180588,Dungloe,,Ireland
827,Nari,Pibsworth,Female,npibsworthmy@mapquest.com,5756093520,Pangal Sur,,Philippines
828,Irma,Conklin,Female,iconklinmz@fema.gov,7289131978,Malaga,Andalucia,Spain
829,Estel,Treadgear,Female,etreadgearn0@tuttocitta.it,1401198948,Batutua,,Indonesia
830,Viviyan,Boomes,Female,vboomesn1@tinypic.com,9665589659,Hobo,,Colombia
831,Deonne,Bignold,Female,dbignoldn2@google.it,1005736958,Brandýs nad Labem-Stará Boleslav,,Czech Republic
832,Kristan,Kobiela,Female,kkobielan3@si.edu,8478598166,Naranjal,,Paraguay
833,Tomi,Geeson,Female,tgeesonn4@plala.or.jp,4557555594,Soledar,,Ukraine
834,Isac,Hulburd,Male,ihulburdn5@virginia.edu,1202159126,Guaymango,,El Salvador
835,Sergei,Lushey,Male,slusheyn6@ehow.com,7557750062,Zhufo,,China
836,Shela,MacNeely,Female,smacneelyn7@icq.com,6438890169,Barra Bonita,,Brazil
837,Rey,Gerbi,Male,rgerbin8@japanpost.jp,5459416939,Catanauan,,Philippines
838,Quintina,Lanahan,Female,qlanahann9@flickr.com,8972364966,Luxia,,China
839,Evania,Bernier,Female,ebernierna@google.cn,7341067583,Le Bourget-du-Lac,Rhône-Alpes,France
840,Jesse,Gypps,Male,jgyppsnb@elpais.com,8365977186,Shuishaping,,China
841,Laryssa,Brammer,Female,lbrammernc@fotki.com,9718162693,Elaiochóri,,Greece
842,Shaughn,Kernell,Male,skernellnd@e-recht24.de,3963229326,Linköping,Östergötland,Sweden
843,Tann,Gilcriest,Male,tgilcriestne@stanford.edu,5878414512,Kuantan,Pahang,Malaysia
844,Faye,Langmead,Female,flangmeadnf@ucoz.com,9045901316,Khon San,,Thailand
845,Pail,Gebbe,Male,pgebbeng@uiuc.edu,6516992842,Houmt Souk,,Tunisia
846,Roshelle,Hamblyn,Female,rhamblynnh@yolasite.com,3869491801,Jintan,,China
847,Alwyn,Cleve,Male,acleveni@wiley.com,3876794372,Panunggangan,,Indonesia
848,Rozanne,Giovannini,Female,rgiovannininj@baidu.com,7258420615,Ciladaeun,,Indonesia
849,Leigh,Petranek,Male,lpetraneknk@smugmug.com,1904496401,Nyzhnya Krynka,,Ukraine
850,Aleen,Jagoe,Female,ajagoenl@paypal.com,3404559073,Kalnibolotskaya,,Russia
851,Patsy,Harkness,Female,pharknessnm@mit.edu,6933982450,New Panamao,,Philippines
852,Gerhard,Weaver,Male,gweavernn@nyu.edu,8805574494,Mehron,,Tajikistan
853,Vina,Chrichton,Female,vchrichtonno@msu.edu,1192654944,Cill Airne,,Ireland
854,Kenna,Ruggier,Female,kruggiernp@pen.io,1419377120,Kuštilj,,Serbia
855,Traci,Colbert,Female,tcolbertnq@hexun.com,9136184156,Yayao,,China
856,Kimmy,Pendrich,Female,kpendrichnr@typepad.com,5828147028,Vavatenina,,Madagascar
857,Tabbie,Hale,Female,thalens@princeton.edu,5842445030,Suishan,,China
858,Susanetta,Mulholland,Female,smulhollandnt@dyndns.org,8248704436,Floriana,,Malta
859,Benjamen,Sleit,Male,bsleitnu@networkadvertising.org,5069341623,Bijia,,China
860,Carleen,Goodings,Female,cgoodingsnv@wordpress.com,1396406240,Tanashichō,,Japan
861,Gael,Fidelus,Female,gfidelusnw@4shared.com,5305790796,Alto do Estanqueiro,Setúbal,Portugal
862,Alma,Paish,Female,apaishnx@mysql.com,3063741678,Leon,Castilla - Leon,Spain
863,Amalia,Egiloff,Female,aegiloffny@xrea.com,6987547684,Bandaran,,Indonesia
864,Annabal,Rawson,Female,arawsonnz@com.com,7177545375,Huanghua,,China
865,Renie,Ashfold,Female,rashfoldo0@umich.edu,3309603299,Novki,,Russia
866,Legra,Tame,Female,ltameo1@statcounter.com,9591348817,Kilingi-Nõmme,,Estonia
867,Jenn,Salasar,Female,jsalasaro2@timesonline.co.uk,8628731032,Banquero,,Philippines
868,Leeland,Sucre,Male,lsucreo3@infoseek.co.jp,9568027788,Linxi,,China
869,Corella,Shevlane,Female,cshevlaneo4@fema.gov,1243937409,Zaraysk,,Russia
870,Sean,Bickmore,Male,sbickmoreo5@marriott.com,4147201503,Arţās,,Palestinian Territory
871,Win,Heineke,Male,wheinekeo6@rediff.com,3688097050,Lewograran,,Indonesia
872,Ezra,Gilardoni,Male,egilardonio7@buzzfeed.com,3004730579,Sergelen,,Mongolia
873,Bunni,Marke,Female,bmarkeo8@cnn.com,7863624793,Ledenice,,Czech Republic
874,Abram,Rose,Male,aroseo9@washington.edu,2854583940,Itsukaichi,,Japan
875,Lyndy,Piddick,Female,lpiddickoa@mayoclinic.com,9754468771,San Luis,,Honduras
876,Edgar,Kembry,Male,ekembryob@japanpost.jp,6858960719,Januária,,Brazil
877,Francis,Nightingale,Male,fnightingaleoc@mapy.cz,5274481494,Miguel Hidalgo,Veracruz Llave,Mexico
878,Ronna,Southers,Female,rsouthersod@weibo.com,2811949652,Nelahozeves,,Czech Republic
879,Jodie,Avis,Male,javisoe@microsoft.com,8628424839,Emiliano Zapata,Jalisco,Mexico
880,Towny,Bielfeldt,Male,tbielfeldtof@freewebs.com,8987044868,Xuetian,,China
881,Sindee,Ridings,Female,sridingsog@hostgator.com,2712263806,Yemva,,Russia
882,Lawrence,Maplestone,Male,lmaplestoneoh@fotki.com,2665857702,Kirkuk,,Iraq
883,Jolene,Strewthers,Female,jstrewthersoi@jigsy.com,1197660224,Kabarnet,,Kenya
884,Agnesse,Higgan,Female,ahigganoj@csmonitor.com,1658534940,Outeiro Seco,Vila Real,Portugal
885,Annecorinne,Lechmere,Female,alechmereok@usda.gov,5328082851,Muikamachi,,Japan
886,Patrice,Aizikovitz,Female,paizikovitzol@trellian.com,2025186246,Dongfeng,,China
887,Sidnee,Phin,Male,sphinom@bloglines.com,5213388551,Nevinnomyssk,,Russia
888,Marianna,Nourse,Female,mnourseon@myspace.com,3743366342,Benito Juarez,Guerrero,Mexico
889,Misti,Souley,Female,msouleyoo@forbes.com,1928166785,São Bernardo do Campo,,Brazil
890,Ephraim,Beggs,Male,ebeggsop@dion.ne.jp,2734302848,Conceição do Araguaia,,Brazil
891,Jack,Mineghelli,Male,jmineghellioq@archive.org,2219755872,Rufino,,Argentina
892,Reamonn,Reape,Male,rreapeor@uiuc.edu,5886632541,Qabaqçöl,,Azerbaijan
893,Regine,Scain,Female,rscainos@netlog.com,9251154283,Tawangsari,,Indonesia
894,Caz,Newark,Male,cnewarkot@shareasale.com,4418419175,Tolbazy,,Russia
895,Matti,Lacer,Female,mlacerou@uiuc.edu,4378350520,Bakıxanov,,Azerbaijan
896,Julio,MacMarcuis,Male,jmacmarcuisov@scientificamerican.com,8421690453,Jintang,,China
897,Rosa,Cabell,Female,rcabellow@addthis.com,2032852707,Himanka,,Finland
898,Tobin,Paddefield,Male,tpaddefieldox@mac.com,8021380093,Dobrošte,,Macedonia
899,Maisey,Dundendale,Female,mdundendaleoy@webs.com,8263695897,Whittlesea,,South Africa
900,Tricia,Mattessen,Female,tmattessenoz@nasa.gov,6995042476,Arendal,Aust-Agder,Norway
901,Gretal,Abbott,Female,gabbottp0@reuters.com,6494410965,Kowary,,Poland
902,Nicolea,Laker,Female,nlakerp1@simplemachines.org,2426657598,Itamarandiba,,Brazil
903,Elspeth,Shingler,Female,eshinglerp2@youtu.be,6538853856,Kuala Terengganu,Terengganu,Malaysia
904,Niccolo,Sainer,Male,nsainerp3@ucsd.edu,5138988902,Cincinnati,Ohio,United States
905,Nicholas,Kerridge,Male,nkerridgep4@jigsy.com,3359219202,Wuchagou,,China
906,Dorey,Zywicki,Female,dzywickip5@printfriendly.com,3803067292,Stary Sącz,,Poland
907,Tanner,Dukesbury,Male,tdukesburyp6@canalblog.com,9017654738,Sölvesborg,Blekinge,Sweden
908,Alida,Rampley,Female,arampleyp7@dion.ne.jp,2131524048,Troitskoye,,Russia
909,Pierette,Finci,Female,pfincip8@tinypic.com,9251113752,Rungis,Île-de-France,France
910,Vale,Lightwood,Male,vlightwoodp9@wikispaces.com,3109407193,Silva Jardim,,Brazil
911,Hewie,Wyleman,Male,hwylemanpa@zimbio.com,3514302270,Khal’ch,,Belarus
912,Heidi,Minot,Female,hminotpb@bbc.co.uk,1619829688,Kushar,,Yemen
913,Paton,Grigoryev,Male,pgrigoryevpc@topsy.com,6562627380,Gustavsberg,Stockholm,Sweden
914,Lief,Tyrwhitt,Male,ltyrwhittpd@mit.edu,2798498768,Timba Timuk,,Indonesia
915,Constantino,Dawkins,Male,cdawkinspe@hubpages.com,8444778529,Tagasilay,,Philippines
916,Dasi,Medhurst,Female,dmedhurstpf@lycos.com,2541659985,Anbyŏn-ŭp,,North Korea
917,Archaimbaud,Starr,Male,astarrpg@google.com.br,7941923422,Carayaó,,Paraguay
918,Katerina,Harry,Female,kharryph@nifty.com,8795906072,Soly,,Belarus
919,Jorey,Westall,Female,jwestallpi@go.com,9564480198,Polo,,Philippines
920,Elden,Bourdice,Male,ebourdicepj@ft.com,7676226088,Barras,,Brazil
921,Chic,Nelhams,Male,cnelhamspk@rediff.com,9815873903,Rantaupanjang,,Indonesia
922,Xever,Dowe,Male,xdowepl@archive.org,3699630429,Aginskoye,,Russia
923,Kean,Jiles,Male,kjilespm@netlog.com,8759226549,Nyköping,Södermanland,Sweden
924,Antone,Lidgely,Male,alidgelypn@mozilla.com,4111620781,Santo Niño,,Philippines
925,Winnie,Maggiori,Female,wmaggioripo@sohu.com,2235188863,Pinghu,,China
926,Hilario,De Ferraris,Male,hdeferrarispp@etsy.com,6692706857,Muting,,Indonesia
927,Desiree,McGinnis,Female,dmcginnispq@bravesites.com,4956714966,Stavanger,Rogaland,Norway
928,Sydney,Zorener,Male,szorenerpr@123-reg.co.uk,3387331716,Krajan Tanjungrejo,,Indonesia
929,Sutton,Kilminster,Male,skilminsterps@icq.com,5273127155,Thị Trấn Mường Khến,,Vietnam
930,Calypso,Salter,Female,csalterpt@cnbc.com,1988129455,Bunobogu,,Indonesia
931,Louie,Spadelli,Male,lspadellipu@usnews.com,7706608706,Hamburg,Hamburg,Germany
932,Madge,Mutimer,Female,mmutimerpv@bandcamp.com,8557054367,Kari,,Nigeria
933,Jacquenetta,Querrard,Female,jquerrardpw@t-online.de,2466281279,Figueiró dos Vinhos,Leiria,Portugal
934,Maximilian,Pedrielli,Male,mpedriellipx@infoseek.co.jp,3199586127,Knurów,,Poland
935,Jehu,Harness,Male,jharnesspy@hibu.com,1306512540,Täby,Stockholm,Sweden
936,Aggy,Brewer,Female,abrewerpz@instagram.com,7596009254,Pingshan,,China
937,Karlens,De Gregorio,Male,kdegregorioq0@ameblo.jp,5981957389,Chidian,,China
938,Marcile,Vann,Female,mvannq1@umich.edu,9144896063,Zaraza,,Venezuela
939,Miguela,Jeffes,Female,mjeffesq2@businessweek.com,2763292104,Huaizhong,,China
940,Sonnnie,Cockerham,Female,scockerhamq3@twitpic.com,4269108800,Manjakandriana,,Madagascar
941,Carr,Tombling,Male,ctomblingq4@timesonline.co.uk,1266624808,Kapchorwa,,Uganda
942,Erin,MacAlpin,Female,emacalpinq5@alibaba.com,6147147235,Shuangpu,,China
943,Lorry,Brushfield,Male,lbrushfieldq6@mit.edu,3632838054,Kalāleh,,Iran
944,Nicko,Blunsom,Male,nblunsomq7@constantcontact.com,5031965482,Rejanegara,,Indonesia
945,Harri,Noye,Female,hnoyeq8@un.org,8649461176,Qiaoxi,,China
946,Anallise,Andreolli,Female,aandreolliq9@hugedomains.com,5539560268,Tangwang,,China
947,Harlin,Caesmans,Male,hcaesmansqa@imageshack.us,6885720699,Prado Siongco,,Philippines
948,Heddie,Thody,Female,hthodyqb@ebay.com,8105335828,Koźle,,Poland
949,Urson,Stabbins,Male,ustabbinsqc@unesco.org,8723476464,Zaysan,,Kazakhstan
950,Jules,Ramstead,Male,jramsteadqd@theatlantic.com,2139755436,Arboga,Västmanland,Sweden
951,Tammy,Presidey,Male,tpresideyqe@umn.edu,7464352252,Bratislava,,Slovakia
952,Loy,Hawler,Male,lhawlerqf@hp.com,2154572578,Kalaxilike,,China
953,Van,Geertje,Female,vgeertjeqg@noaa.gov,4593641895,Tobol,,Kazakhstan
954,Denny,Ciepluch,Female,dciepluchqh@newyorker.com,6402999149,San Rafael,,Philippines
955,Wilton,Menauteau,Male,wmenauteauqi@google.ru,7659775404,Swift Current,Saskatchewan,Canada
956,Yuma,Colthard,Male,ycolthardqj@who.int,9255426115,Huyuan,,China
957,Raquela,Finlater,Female,rfinlaterqk@plala.or.jp,3753467049,Chor,,Pakistan
958,Liz,Gligoraci,Female,lgligoraciql@guardian.co.uk,9157009417,Dagup,,Philippines
959,Lissie,Unthank,Female,lunthankqm@nps.gov,2846435214,Duyanggang,,China
960,Olivier,Cannon,Male,ocannonqn@amazon.de,2416125439,Dagsar,,China
961,Lorry,Anderer,Female,landererqo@smugmug.com,9773394710,Përmet,,Albania
962,Nicola,Edmonson,Male,nedmonsonqp@ifeng.com,1864030032,Brudzew,,Poland
963,Vassily,Cradoc,Male,vcradocqq@umich.edu,4157455962,Kikinda,,Serbia
964,Johnathon,Tammadge,Male,jtammadgeqr@wsj.com,8492543937,Zhucun,,China
965,Vilma,Beckhurst,Female,vbeckhurstqs@about.me,4891108770,Jawornik Polski,,Poland
966,Paolo,Landells,Male,plandellsqt@pcworld.com,8793581512,Zhemtala,,Russia
967,Willetta,Detoile,Female,wdetoilequ@go.com,2914254830,Igarassu,,Brazil
968,Jess,Gronow,Male,jgronowqv@blogger.com,9031198381,Ciela Lebak,,Indonesia
969,Laughton,Kingzeth,Male,lkingzethqw@friendfeed.com,4351383314,Heshi,,China
970,Clarinda,Tembey,Female,ctembeyqx@ebay.com,3289308180,Bobolice,,Poland
971,Valentine,Coutthart,Male,vcoutthartqy@nifty.com,7197192807,Gajiram,,Nigeria
972,Gerda,Fehner,Female,gfehnerqz@desdev.cn,2873715395,Cerquilho,,Brazil
973,Paige,Deignan,Female,pdeignanr0@infoseek.co.jp,8712117546,Dyurtyuli,,Russia
974,Helaine,Earengey,Female,hearengeyr1@topsy.com,6373318965,Sainte-Anne-des-Plaines,Québec,Canada
975,Claudetta,Honatsch,Female,chonatschr2@unicef.org,4348027278,Kyzyl-Kyya,,Kyrgyzstan
976,Melvin,Cruickshank,Male,mcruickshankr3@last.fm,3805499473,Stepnogorsk,,Kazakhstan
977,Kaia,D'Aulby,Female,kdaulbyr4@forbes.com,8888726623,Nova Viçosa,,Brazil
978,Bel,Baalham,Female,bbaalhamr5@domainmarket.com,4168537324,Selaparang Timur,,Indonesia
979,Byrom,Vicioso,Male,bviciosor6@blog.com,7084043164,Santiago De Compostela,Galicia,Spain
980,Nerti,D'Alwis,Female,ndalwisr7@lycos.com,2847691745,Artur Nogueira,,Brazil
981,Brande,Satterley,Female,bsatterleyr8@constantcontact.com,1707767629,Tairan Camp,,Philippines
982,Karlen,Pluck,Female,kpluckr9@fotki.com,1705154477,Al Ain,,United Arab Emirates
983,Rutter,Cancellario,Male,rcancellariora@tamu.edu,1323211997,Tianning,,China
984,Kassi,Hebble,Female,khebblerb@slashdot.org,8968468544,Złotoryja,,Poland
985,Reena,Peplaw,Female,rpeplawrc@de.vu,8312615210,Ya’erya,,China
986,Sisile,MacKaig,Female,smackaigrd@npr.org,2733005261,Kuala Lumpur,Kuala Lumpur,Malaysia
987,Rollin,Gravell,Male,rgravellre@a8.net,8299580005,Kobryn,,Belarus
988,Greta,Oxtarby,Female,goxtarbyrf@hibu.com,7886916230,Dobra,,Poland
989,Correy,Tudball,Male,ctudballrg@timesonline.co.uk,2176416590,Ticaco,,Peru
990,Rosalyn,Broadnicke,Female,rbroadnickerh@ehow.com,3009890182,Otutara,,French Polynesia
991,Shayna,Pawellek,Female,spawellekri@icq.com,1605187334,Murmashi,,Russia
992,Salomo,Darlington,Male,sdarlingtonrj@liveinternet.ru,3346681076,Tengah,,Indonesia
993,Aida,Bartleet,Female,abartleetrk@ed.gov,7406560322,Bang Kho Laem,,Thailand
994,Eamon,McGuiness,Male,emcguinessrl@sphinn.com,2016888981,Verblyany,,Ukraine
995,Arnuad,Backshall,Male,abackshallrm@github.com,9444782478,Safonovo,,Russia
996,Mitchell,McGannon,Male,mmcgannonrn@hubpages.com,2908091278,Yaodian,,China
997,Ella,Tander,Female,etanderro@amazonaws.com,9734480953,Tsiroanomandidy,,Madagascar
998,Tiebout,Mattiello,Male,tmattiellorp@nature.com,7035308727,Xiabeisi,,China
999,Cary,Gaskell,Female,cgaskellrq@ameblo.jp,8152827252,Prokhorovka,,Russia
1000,Winona,Jordine,Female,wjordinerr@networksolutions.com,6914730515,Xiangshan,,China
